	0	Library Name	Location Name	Classification Code	Circ Desk Code	Loan Date	 DESCRIPTOR_IDOF(Loan Date)	Loans	Renewals	Returns
0	0	Mugar	boss-Stacks	B	DEFAULT_CIRC_DESK	2019-01-11	2019-01-11	10	0	5
1	0	Mugar	boss-Stacks	BF	DEFAULT_CIRC_DESK	2019-01-11	2019-01-11	1	0	0
2	0	Mugar	boss-Stacks	BJ	DEFAULT_CIRC_DESK	2019-01-11	2019-01-11	2	0	1
3	0	Mugar	boss-Stacks	BP	DEFAULT_CIRC_DESK	2019-01-11	2019-01-11	1	0	0
4	0	Mugar	boss-Stacks	BX	DEFAULT_CIRC_DESK	2019-01-11	2019-01-11	1	0	0
5	0	Mugar	boss-Stacks	CB	DEFAULT_CIRC_DESK	2019-01-11	2019-01-11	2	0	0
6	0	Mugar	boss-Stacks	DA	DEFAULT_CIRC_DESK	2019-01-11	2019-01-11	2	1	0
7	0	Mugar	boss-Stacks	DG	DEFAULT_CIRC_DESK	2019-01-11	2019-01-11	1	0	0
8	0	Mugar	boss-Stacks	DP	DEFAULT_CIRC_DESK	2019-01-11	2019-01-11	1	0	0
9	0	Mugar	boss-Stacks	DR	DEFAULT_CIRC_DESK	2019-01-11	2019-01-11	1	0	0
10	0	Mugar	boss-Stacks	DS	SC	2019-01-11	2019-01-11	2	0	0
11	0	Mugar	boss-Stacks	E	DEFAULT_CIRC_DESK	2019-01-11	2019-01-11	2	0	0
12	0	Mugar	boss-Stacks	F	DEFAULT_CIRC_DESK	2019-01-11	2019-01-11	1	0	0
13	0	Mugar	boss-Stacks	G	DEFAULT_CIRC_DESK	2019-01-11	2019-01-11	1	0	0
14	0	Mugar	boss-Stacks	GN	RES_DESK	2019-01-11	2019-01-11	2	0	1
15	0	Mugar	boss-Stacks	GT	RES_DESK	2019-01-11	2019-01-11	1	0	0
16	0	Mugar	boss-Stacks	HC	SC	2019-01-11	2019-01-11	1	0	0
17	0	Mugar	Off-site Storage: sign in and request to pick up only at Mugar, Science, or Pardee Library	HE	DEFAULT_CIRC_DESK	2019-01-11	2019-01-11	3	3	0
18	0	Mugar	boss-Stacks	HM	RES_DESK	2019-01-11	2019-01-11	1	0	0
19	0	Mugar	boss-Stacks	JC	DEFAULT_CIRC_DESK	2019-01-11	2019-01-11	2	0	1
20	0	Mugar	boss-Stacks	JF	DEFAULT_CIRC_DESK	2019-01-11	2019-01-11	1	1	0
21	0	Mugar	boss-Stacks	JV	DEFAULT_CIRC_DESK	2019-01-11	2019-01-11	3	0	0
22	0	Mugar	boss-Stacks	N	DEFAULT_CIRC_DESK	2019-01-11	2019-01-11	3	0	0
23	0	Mugar	Folio	N	RES_DESK	2019-01-11	2019-01-11	1	0	0
24	0	Mugar	boss-Stacks	N	RES_DESK	2019-01-11	2019-01-11	1	0	0
25	0	Mugar	boss-Stacks	NA	DEFAULT_CIRC_DESK	2019-01-11	2019-01-11	2	0	0
26	0	Mugar	boss-Stacks	NB	RES_DESK	2019-01-11	2019-01-11	1	0	0
27	0	Mugar	boss-Stacks	ND	DEFAULT_CIRC_DESK	2019-01-11	2019-01-11	1	0	0
28	0	Mugar	boss-Stacks	P	RES_DESK	2019-01-11	2019-01-11	1	0	0
29	0	Mugar	boss-Stacks	PA	DEFAULT_CIRC_DESK	2019-01-11	2019-01-11	3	0	1
30	0	Mugar	boss-Stacks	PA	RES_DESK	2019-01-11	2019-01-11	1	0	0
31	0	Mugar	boss-Stacks	PL	DEFAULT_CIRC_DESK	2019-01-11	2019-01-11	1	0	0
32	0	Mugar	boss-Stacks	PN	DEFAULT_CIRC_DESK	2019-01-11	2019-01-11	2	0	2
33	0	Mugar	boss-Stacks	PN	RES_DESK	2019-01-11	2019-01-11	1	0	0
34	0	Mugar	boss-Stacks	PR	DEFAULT_CIRC_DESK	2019-01-11	2019-01-11	1	0	0
35	0	Mugar	boss-Stacks	PS	DEFAULT_CIRC_DESK	2019-01-11	2019-01-11	17	16	0
36	0	Mugar	boss-Stacks	PT	DEFAULT_CIRC_DESK	2019-01-11	2019-01-11	1	0	0
37	0	Mugar	boss-Stacks	RC	DEFAULT_CIRC_DESK	2019-01-11	2019-01-11	1	0	0
38	0	Mugar	boss-Stacks	TR	DEFAULT_CIRC_DESK	2019-01-11	2019-01-11	3	0	0
39	0	Mugar	Krasker Film Collection	Unknown	Krasker	2019-01-11	2019-01-11	8	0	5
40	0	Mugar	Off-site Storage: sign in and request to pick up only at Mugar, Science, or Pardee Library	Unknown	RES_DESK	2019-01-11	2019-01-11	2	0	0
41	0	Mugar	boss-Stacks	AM	DEFAULT_CIRC_DESK	2019-01-12	2019-01-12	2	0	0
42	0	Mugar	boss-Stacks	DA	SC	2019-01-12	2019-01-12	5	0	1
43	0	Mugar	boss-Stacks	E	SC	2019-01-12	2019-01-12	1	0	0
44	0	Mugar	mrr-Reserves	HV	DEFAULT_CIRC_DESK	2019-01-12	2019-01-12	1	0	1
45	0	Mugar	boss-Stacks	JA	DEFAULT_CIRC_DESK	2019-01-12	2019-01-12	1	0	0
46	0	Mugar	boss-Stacks	JN	SC	2019-01-12	2019-01-12	1	0	0
47	0	Mugar	boss-Stacks	PG	DEFAULT_CIRC_DESK	2019-01-12	2019-01-12	2	0	0
48	0	Mugar	boss-Stacks	PL	DEFAULT_CIRC_DESK	2019-01-12	2019-01-12	1	1	0
49	0	Mugar	boss-Stacks	PR	DEFAULT_CIRC_DESK	2019-01-12	2019-01-12	1	1	0
50	0	Mugar	boss-Stacks	PS	SC	2019-01-12	2019-01-12	1	0	0
51	0	Mugar	mrr-Reserves	Unknown	DEFAULT_CIRC_DESK	2019-01-12	2019-01-12	1	0	1
52	0	Mugar	mrr-Reserves	Unknown	MUGRES	2019-01-12	2019-01-12	1	0	1
53	0	Mugar	boss-Stacks	B	DEFAULT_CIRC_DESK	2019-01-13	2019-01-13	1	0	0
54	0	Mugar	boss-Stacks	BF	DEFAULT_CIRC_DESK	2019-01-13	2019-01-13	1	1	0
55	0	Mugar	boss-Stacks	BM	DEFAULT_CIRC_DESK	2019-01-13	2019-01-13	1	0	0
56	0	Mugar	boss-Stacks	BP	DEFAULT_CIRC_DESK	2019-01-13	2019-01-13	2	0	0
57	0	Mugar	boss-Stacks	BV	DEFAULT_CIRC_DESK	2019-01-13	2019-01-13	1	0	0
58	0	Mugar	boss-Stacks	DG	SC	2019-01-13	2019-01-13	1	0	1
59	0	Mugar	boss-Stacks	GV	DEFAULT_CIRC_DESK	2019-01-13	2019-01-13	1	1	0
60	0	Mugar	boss-Stacks	HV	DEFAULT_CIRC_DESK	2019-01-13	2019-01-13	1	1	0
61	0	Mugar	boss-Stacks	JA	DEFAULT_CIRC_DESK	2019-01-13	2019-01-13	1	1	0
62	0	Mugar	boss-Stacks	LB	DEFAULT_CIRC_DESK	2019-01-13	2019-01-13	1	0	0
63	0	Mugar	boss-Stacks	ND	DEFAULT_CIRC_DESK	2019-01-13	2019-01-13	1	0	0
64	0	Mugar	boss-Stacks	NE	DEFAULT_CIRC_DESK	2019-01-13	2019-01-13	2	0	0
65	0	Mugar	boss-Stacks	PQ	DEFAULT_CIRC_DESK	2019-01-13	2019-01-13	2	2	0
66	0	Mugar	boss-Stacks	PR	DEFAULT_CIRC_DESK	2019-01-13	2019-01-13	5	0	5
67	0	Mugar	mrr-Reserves	RC	MUGRES	2019-01-13	2019-01-13	1	0	1
68	0	Mugar	MugRooms	Unknown	DEFAULT_CIRC_DESK	2019-01-13	2019-01-13	1	0	1
69	0	Mugar	mrr-Reserves	AM	MUGRES	2019-01-14	2019-01-14	1	0	1
70	0	Mugar	boss-Stacks	B	SC	2019-01-14	2019-01-14	3	3	0
71	0	Mugar	boss-Stacks	BF	DEFAULT_CIRC_DESK	2019-01-14	2019-01-14	3	0	0
72	0	Mugar	boss-Stacks	BF	SC	2019-01-14	2019-01-14	1	1	0
73	0	Mugar	boss-Stacks	BL	DEFAULT_CIRC_DESK	2019-01-14	2019-01-14	1	0	0
74	0	Mugar	boss-Stacks	BL	SC	2019-01-14	2019-01-14	1	0	0
75	0	Mugar	boss-Stacks	BP	DEFAULT_CIRC_DESK	2019-01-14	2019-01-14	1	0	0
76	0	Mugar	boss-Stacks	BR	DEFAULT_CIRC_DESK	2019-01-14	2019-01-14	2	0	0
77	0	Mugar	boss-Stacks	DF	RES_DESK	2019-01-14	2019-01-14	1	0	0
78	0	Mugar	boss-Stacks	DG	RES_DESK	2019-01-14	2019-01-14	1	0	0
79	0	Mugar	boss-Stacks	DS	RES_DESK	2019-01-14	2019-01-14	1	0	0
80	0	Mugar	boss-Stacks	E	DEFAULT_CIRC_DESK	2019-01-14	2019-01-14	1	0	0
81	0	Mugar	boss-Stacks	E	SC	2019-01-14	2019-01-14	2	1	0
82	0	Mugar	Off-site Storage: sign in and request to pick up only at Mugar, Science, or Pardee Library	HD	DEFAULT_CIRC_DESK	2019-01-14	2019-01-14	1	0	0
83	0	Mugar	boss-Stacks	HM	DEFAULT_CIRC_DESK	2019-01-14	2019-01-14	1	0	0
84	0	Mugar	boss-Stacks	HN	DEFAULT_CIRC_DESK	2019-01-14	2019-01-14	1	0	0
85	0	Mugar	boss-Stacks	HQ	SC	2019-01-14	2019-01-14	1	1	0
86	0	Mugar	boss-Stacks	HV	RES_DESK	2019-01-14	2019-01-14	1	0	0
87	0	Mugar	boss-Stacks	HX	DEFAULT_CIRC_DESK	2019-01-14	2019-01-14	6	2	3
88	0	Mugar	boss-Stacks	JA	DEFAULT_CIRC_DESK	2019-01-14	2019-01-14	1	0	1
89	0	Mugar	boss-Stacks	LC	DEFAULT_CIRC_DESK	2019-01-14	2019-01-14	4	0	0
90	0	Mugar	boss-Stacks	N	DEFAULT_CIRC_DESK	2019-01-14	2019-01-14	8	0	1
91	0	Mugar	mrr-Reserves	N	MUGRES	2019-01-14	2019-01-14	1	0	1
92	0	Mugar	Off-site Storage: sign in and request to pick up only at Mugar, Science, or Pardee Library	NA	DEFAULT_CIRC_DESK	2019-01-14	2019-01-14	1	0	0
93	0	Mugar	boss-Stacks	NA	DEFAULT_CIRC_DESK	2019-01-14	2019-01-14	2	0	0
94	0	Mugar	boss-Stacks	NB	DEFAULT_CIRC_DESK	2019-01-14	2019-01-14	3	0	0
95	0	Mugar	boss-Stacks	ND	DEFAULT_CIRC_DESK	2019-01-14	2019-01-14	1	0	0
96	0	Mugar	Folio	ND	DEFAULT_CIRC_DESK	2019-01-14	2019-01-14	3	0	0
97	0	Mugar	Folio	NE	DEFAULT_CIRC_DESK	2019-01-14	2019-01-14	1	0	0
98	0	Mugar	boss-Stacks	P	DEFAULT_CIRC_DESK	2019-01-14	2019-01-14	2	0	0
99	0	Mugar	boss-Stacks	PA	SC	2019-01-14	2019-01-14	2	0	0
100	0	Mugar	boss-Stacks	PG	DEFAULT_CIRC_DESK	2019-01-14	2019-01-14	1	0	0
101	0	Mugar	boss-Stacks	PR	DEFAULT_CIRC_DESK	2019-01-14	2019-01-14	8	0	2
102	0	Mugar	boss-Stacks	PR	RES_DESK	2019-01-14	2019-01-14	1	0	0
103	0	Mugar	boss-Stacks	PR	SC	2019-01-14	2019-01-14	1	0	0
104	0	Mugar	boss-Stacks	PS	DEFAULT_CIRC_DESK	2019-01-14	2019-01-14	5	0	0
105	0	Mugar	boss-Stacks	PS	SC	2019-01-14	2019-01-14	2	2	0
106	0	Mugar	mrr-Reserves	RC	MUGRES	2019-01-14	2019-01-14	1	0	1
107	0	Mugar	boss-Stacks	SB	DEFAULT_CIRC_DESK	2019-01-14	2019-01-14	1	1	0
108	0	Mugar	boss-Stacks	TR	DEFAULT_CIRC_DESK	2019-01-14	2019-01-14	2	0	1
109	0	Mugar	Krasker Film Collection	Unknown	Krasker	2019-01-14	2019-01-14	16	0	0
110	0	Mugar	mrr-Reserves	Unknown	MUGRES	2019-01-14	2019-01-14	5	0	5
111	0	Mugar	Folio	Z	RES_DESK	2019-01-14	2019-01-14	1	0	0
112	0	Mugar	boss-Stacks	B	RES_DESK	2019-01-15	2019-01-15	1	0	0
113	0	Mugar	boss-Stacks	BF	DEFAULT_CIRC_DESK	2019-01-15	2019-01-15	2	0	0
114	0	Mugar	boss-Stacks	BF	SC	2019-01-15	2019-01-15	5	0	0
115	0	Mugar	boss-Stacks	BL	RES_DESK	2019-01-15	2019-01-15	1	0	0
116	0	Mugar	boss-Stacks	BS	DEFAULT_CIRC_DESK	2019-01-15	2019-01-15	1	1	0
117	0	Mugar	boss-Stacks	CN	RES_DESK	2019-01-15	2019-01-15	1	0	0
118	0	Mugar	boss-Stacks	DA	DEFAULT_CIRC_DESK	2019-01-15	2019-01-15	1	0	0
119	0	Mugar	boss-Stacks	DC	DEFAULT_CIRC_DESK	2019-01-15	2019-01-15	1	0	0
120	0	Mugar	boss-Stacks	DK	RES_DESK	2019-01-15	2019-01-15	1	0	0
121	0	Mugar	boss-Stacks	F	DEFAULT_CIRC_DESK	2019-01-15	2019-01-15	3	0	0
122	0	Mugar	boss-Stacks	GN	SC	2019-01-15	2019-01-15	1	1	0
123	0	Mugar	boss-Stacks	GT	DEFAULT_CIRC_DESK	2019-01-15	2019-01-15	3	0	0
124	0	Mugar	boss-Stacks	H	DEFAULT_CIRC_DESK	2019-01-15	2019-01-15	1	0	1
125	0	Mugar	boss-Stacks	HB	DEFAULT_CIRC_DESK	2019-01-15	2019-01-15	1	0	1
126	0	Mugar	Off-site Storage: sign in and request to pick up only at Mugar, Science, or Pardee Library	HD	DEFAULT_CIRC_DESK	2019-01-15	2019-01-15	1	0	1
127	0	Mugar	boss-Stacks	HM	RES_DESK	2019-01-15	2019-01-15	1	0	0
128	0	Mugar	boss-Stacks	HN	DEFAULT_CIRC_DESK	2019-01-15	2019-01-15	2	0	0
129	0	Mugar	boss-Stacks	HV	RES_DESK	2019-01-15	2019-01-15	1	0	0
130	0	Mugar	boss-Stacks	HX	DEFAULT_CIRC_DESK	2019-01-15	2019-01-15	1	0	1
131	0	Mugar	boss-Stacks	JC	DEFAULT_CIRC_DESK	2019-01-15	2019-01-15	1	0	1
132	0	Mugar	boss-Stacks	JC	RES_DESK	2019-01-15	2019-01-15	1	0	0
133	0	Mugar	boss-Stacks	JK	RES_DESK	2019-01-15	2019-01-15	1	0	0
134	0	Mugar	boss-Stacks	JQ	DEFAULT_CIRC_DESK	2019-01-15	2019-01-15	1	0	1
135	0	Mugar	boss-Stacks	LB	RES_DESK	2019-01-15	2019-01-15	2	0	0
136	0	Mugar	boss-Stacks	N	RES_DESK	2019-01-15	2019-01-15	2	0	0
137	0	Mugar	Folio	N	RES_DESK	2019-01-15	2019-01-15	1	0	0
138	0	Mugar	boss-Stacks	ND	DEFAULT_CIRC_DESK	2019-01-15	2019-01-15	1	0	0
139	0	Mugar	boss-Stacks	PA	DEFAULT_CIRC_DESK	2019-01-15	2019-01-15	2	0	1
140	0	Mugar	boss-Stacks	PG	DEFAULT_CIRC_DESK	2019-01-15	2019-01-15	4	0	0
141	0	Mugar	boss-Stacks	PJ	RES_DESK	2019-01-15	2019-01-15	1	0	0
142	0	Mugar	boss-Stacks	PN	DEFAULT_CIRC_DESK	2019-01-15	2019-01-15	2	0	1
143	0	Mugar	Off-site Storage: sign in and request to pick up only at Mugar, Science, or Pardee Library	PN	DEFAULT_CIRC_DESK	2019-01-15	2019-01-15	2	0	0
144	0	Mugar	boss-Stacks	PQ	DEFAULT_CIRC_DESK	2019-01-15	2019-01-15	2	0	0
145	0	Mugar	boss-Stacks	PQ	RES_DESK	2019-01-15	2019-01-15	1	0	0
146	0	Mugar	boss-Stacks	PR	DEFAULT_CIRC_DESK	2019-01-15	2019-01-15	8	0	2
147	0	Mugar	Off-site Storage: sign in and request to pick up only at Mugar, Science, or Pardee Library	PR	DEFAULT_CIRC_DESK	2019-01-15	2019-01-15	1	0	0
148	0	Mugar	boss-Stacks	PR	RES_DESK	2019-01-15	2019-01-15	1	0	0
149	0	Mugar	boss-Stacks	PS	DEFAULT_CIRC_DESK	2019-01-15	2019-01-15	2	0	0
150	0	Mugar	boss-Stacks	PS	RES_DESK	2019-01-15	2019-01-15	1	0	0
151	0	Mugar	boss-Stacks	QA	RES_DESK	2019-01-15	2019-01-15	1	0	0
152	0	Mugar	boss-Stacks	SK	RES_DESK	2019-01-15	2019-01-15	1	0	0
153	0	Mugar	boss-Stacks	T	SC	2019-01-15	2019-01-15	1	0	1
154	0	Mugar	Krasker Film Collection	Unknown	Krasker	2019-01-15	2019-01-15	1	0	0
155	0	Mugar	mrr-Reserves	Unknown	MUGRES	2019-01-15	2019-01-15	1	0	1
156	0	Mugar	boss-Stacks	Z	DEFAULT_CIRC_DESK	2019-01-15	2019-01-15	1	0	0
157	0	Mugar	Off-site Storage: sign in and request to pick up only at Mugar, Science, or Pardee Library	Z	DEFAULT_CIRC_DESK	2019-01-15	2019-01-15	5	0	0
158	0	Mugar	boss-Stacks	B	DEFAULT_CIRC_DESK	2019-01-16	2019-01-16	1	0	0
159	0	Mugar	boss-Stacks	B	SC	2019-01-16	2019-01-16	6	5	0
160	0	Mugar	boss-Stacks	BD	DEFAULT_CIRC_DESK	2019-01-16	2019-01-16	1	1	0
161	0	Mugar	boss-Stacks	CC	RES_DESK	2019-01-16	2019-01-16	1	0	0
162	0	Mugar	boss-Stacks	D	DEFAULT_CIRC_DESK	2019-01-16	2019-01-16	2	0	0
163	0	Mugar	boss-Stacks	DA	DEFAULT_CIRC_DESK	2019-01-16	2019-01-16	2	0	0
164	0	Mugar	boss-Stacks	DK	DEFAULT_CIRC_DESK	2019-01-16	2019-01-16	1	0	0
165	0	Mugar	boss-Stacks	DS	DEFAULT_CIRC_DESK	2019-01-16	2019-01-16	3	1	0
166	0	Mugar	boss-Stacks	DS	SC	2019-01-16	2019-01-16	1	1	0
167	0	Mugar	boss-Stacks	E	DEFAULT_CIRC_DESK	2019-01-16	2019-01-16	5	0	0
168	0	Mugar	boss-Stacks	E	RES_DESK	2019-01-16	2019-01-16	1	0	0
169	0	Mugar	boss-Stacks	F	DEFAULT_CIRC_DESK	2019-01-16	2019-01-16	1	0	0
170	0	Mugar	boss-Stacks	F	RES_DESK	2019-01-16	2019-01-16	1	0	0
171	0	Mugar	boss-Stacks	GT	DEFAULT_CIRC_DESK	2019-01-16	2019-01-16	1	0	0
172	0	Mugar	boss-Stacks	H	DEFAULT_CIRC_DESK	2019-01-16	2019-01-16	1	0	0
173	0	Mugar	boss-Stacks	HC	DEFAULT_CIRC_DESK	2019-01-16	2019-01-16	1	0	0
174	0	Mugar	boss-Stacks	HD	DEFAULT_CIRC_DESK	2019-01-16	2019-01-16	1	0	0
175	0	Mugar	Off-site Storage: sign in and request to pick up only at Mugar, Science, or Pardee Library	HD	DEFAULT_CIRC_DESK	2019-01-16	2019-01-16	1	0	0
176	0	Mugar	boss-Stacks	HM	DEFAULT_CIRC_DESK	2019-01-16	2019-01-16	3	0	0
177	0	Mugar	boss-Stacks	HQ	DEFAULT_CIRC_DESK	2019-01-16	2019-01-16	2	0	0
178	0	Mugar	boss-Stacks	HQ	RES_DESK	2019-01-16	2019-01-16	1	0	0
179	0	Mugar	boss-Stacks	HT	DEFAULT_CIRC_DESK	2019-01-16	2019-01-16	2	0	1
180	0	Mugar	boss-Stacks	HT	RES_DESK	2019-01-16	2019-01-16	1	0	0
181	0	Mugar	boss-Stacks	HV	DEFAULT_CIRC_DESK	2019-01-16	2019-01-16	5	0	0
182	0	Mugar	boss-Stacks	HV	RES_DESK	2019-01-16	2019-01-16	1	0	0
183	0	Mugar	boss-Stacks	HX	DEFAULT_CIRC_DESK	2019-01-16	2019-01-16	1	0	0
184	0	Mugar	boss-Stacks	JC	DEFAULT_CIRC_DESK	2019-01-16	2019-01-16	1	0	0
185	0	Mugar	boss-Stacks	JN	DEFAULT_CIRC_DESK	2019-01-16	2019-01-16	1	0	0
186	0	Mugar	boss-Stacks	N	DEFAULT_CIRC_DESK	2019-01-16	2019-01-16	2	0	0
187	0	Mugar	boss-Stacks	N	SC	2019-01-16	2019-01-16	4	0	0
188	0	Mugar	boss-Stacks	NB	DEFAULT_CIRC_DESK	2019-01-16	2019-01-16	2	0	0
189	0	Mugar	Folio	NB	DEFAULT_CIRC_DESK	2019-01-16	2019-01-16	1	0	0
190	0	Mugar	boss-Stacks	NX	DEFAULT_CIRC_DESK	2019-01-16	2019-01-16	2	0	0
191	0	Mugar	boss-Stacks	PN	RES_DESK	2019-01-16	2019-01-16	1	0	0
192	0	Mugar	boss-Stacks	PN	SC	2019-01-16	2019-01-16	3	0	0
193	0	Mugar	boss-Stacks	PR	DEFAULT_CIRC_DESK	2019-01-16	2019-01-16	4	0	3
194	0	Mugar	boss-Stacks	PR	RES_DESK	2019-01-16	2019-01-16	1	0	0
195	0	Mugar	boss-Stacks	PS	DEFAULT_CIRC_DESK	2019-01-16	2019-01-16	1	0	0
196	0	Mugar	boss-Stacks	PS	SC	2019-01-16	2019-01-16	4	4	0
197	0	Mugar	boss-Stacks	PT	RES_DESK	2019-01-16	2019-01-16	1	0	0
198	0	Mugar	boss-Stacks	RA	DEFAULT_CIRC_DESK	2019-01-16	2019-01-16	1	0	0
199	0	Mugar	Folio	TR	RES_DESK	2019-01-16	2019-01-16	1	0	0
200	0	Mugar	Krasker Reserves	Unknown	Krasker	2019-01-16	2019-01-16	1	0	0
201	0	Mugar	Krasker Film Collection	Unknown	Krasker	2019-01-16	2019-01-16	3	0	0
202	0	Mugar	mrr-Reserves	Unknown	MUGRES	2019-01-16	2019-01-16	3	0	1
203	0	Mugar	boss-Stacks	B	SC	2019-01-17	2019-01-17	1	0	1
204	0	Mugar	boss-Stacks	BF	DEFAULT_CIRC_DESK	2019-01-17	2019-01-17	1	0	0
205	0	Mugar	boss-Stacks	BL	RES_DESK	2019-01-17	2019-01-17	2	0	0
206	0	Mugar	boss-Stacks	BQ	DEFAULT_CIRC_DESK	2019-01-17	2019-01-17	1	0	0
207	0	Mugar	boss-Stacks	BR	DEFAULT_CIRC_DESK	2019-01-17	2019-01-17	1	0	0
208	0	Mugar	boss-Stacks	CC	RES_DESK	2019-01-17	2019-01-17	1	0	0
209	0	Mugar	boss-Stacks	DR	DEFAULT_CIRC_DESK	2019-01-17	2019-01-17	2	0	0
210	0	Mugar	boss-Stacks	E	DEFAULT_CIRC_DESK	2019-01-17	2019-01-17	4	0	0
211	0	Mugar	boss-Stacks	E	RES_DESK	2019-01-17	2019-01-17	1	0	0
212	0	Mugar	boss-Stacks	E	SC	2019-01-17	2019-01-17	4	0	0
213	0	Mugar	boss-Stacks	F	DEFAULT_CIRC_DESK	2019-01-17	2019-01-17	2	2	0
214	0	Mugar	boss-Stacks	F	SC	2019-01-17	2019-01-17	2	0	0
215	0	Mugar	boss-Stacks	GA	SC	2019-01-17	2019-01-17	2	0	0
216	0	Mugar	boss-Stacks	HB	RES_DESK	2019-01-17	2019-01-17	1	0	0
217	0	Mugar	boss-Stacks	HD	SC	2019-01-17	2019-01-17	1	0	0
218	0	Mugar	boss-Stacks	HN	RES_DESK	2019-01-17	2019-01-17	1	0	0
219	0	Mugar	boss-Stacks	HQ	SC	2019-01-17	2019-01-17	1	0	1
220	0	Mugar	boss-Stacks	HT	DEFAULT_CIRC_DESK	2019-01-17	2019-01-17	1	0	0
221	0	Mugar	boss-Stacks	JC	SC	2019-01-17	2019-01-17	2	0	2
222	0	Mugar	boss-Stacks	JN	DEFAULT_CIRC_DESK	2019-01-17	2019-01-17	2	0	1
223	0	Mugar	boss-Stacks	JZ	SC	2019-01-17	2019-01-17	1	0	0
224	0	Mugar	boss-Stacks	LB	DEFAULT_CIRC_DESK	2019-01-17	2019-01-17	1	0	0
225	0	Mugar	boss-Stacks	LC	DEFAULT_CIRC_DESK	2019-01-17	2019-01-17	1	0	1
226	0	Mugar	boss-Stacks	N	DEFAULT_CIRC_DESK	2019-01-17	2019-01-17	1	0	0
227	0	Mugar	boss-Stacks	N	RES_DESK	2019-01-17	2019-01-17	2	0	0
228	0	Mugar	boss-Stacks	N	SC	2019-01-17	2019-01-17	4	0	0
229	0	Mugar	boss-Stacks	NA	RES_DESK	2019-01-17	2019-01-17	1	0	0
230	0	Mugar	boss-Stacks	NA	SC	2019-01-17	2019-01-17	5	0	3
231	0	Mugar	boss-Stacks	ND	DEFAULT_CIRC_DESK	2019-01-17	2019-01-17	1	1	0
232	0	Mugar	boss-Stacks	ND	SC	2019-01-17	2019-01-17	1	0	0
233	0	Mugar	boss-Stacks	NK	SC	2019-01-17	2019-01-17	6	0	0
234	0	Mugar	Folio	NK	SC	2019-01-17	2019-01-17	1	0	0
235	0	Mugar	boss-Stacks	P	RES_DESK	2019-01-17	2019-01-17	1	0	0
236	0	Mugar	boss-Stacks	PA	RES_DESK	2019-01-17	2019-01-17	1	0	0
237	0	Mugar	boss-Stacks	PC	DEFAULT_CIRC_DESK	2019-01-17	2019-01-17	2	0	0
238	0	Mugar	boss-Stacks	PN	DEFAULT_CIRC_DESK	2019-01-17	2019-01-17	4	0	0
239	0	Mugar	boss-Stacks	PQ	DEFAULT_CIRC_DESK	2019-01-17	2019-01-17	2	2	0
240	0	Mugar	boss-Stacks	PR	DEFAULT_CIRC_DESK	2019-01-17	2019-01-17	8	0	0
241	0	Mugar	boss-Stacks	PR	SC	2019-01-17	2019-01-17	4	0	0
242	0	Mugar	boss-Stacks	PS	DEFAULT_CIRC_DESK	2019-01-17	2019-01-17	13	0	2
243	0	Mugar	boss-Stacks	PS	RES_DESK	2019-01-17	2019-01-17	1	0	0
244	0	Mugar	Off-site Storage: sign in and request to pick up only at Mugar, Science, or Pardee Library	Q	DEFAULT_CIRC_DESK	2019-01-17	2019-01-17	1	0	0
245	0	Mugar	boss-Stacks	QP	DEFAULT_CIRC_DESK	2019-01-17	2019-01-17	1	0	0
246	0	Mugar	boss-Stacks	SB	SC	2019-01-17	2019-01-17	1	0	0
247	0	Mugar	boss-Stacks	TX	DEFAULT_CIRC_DESK	2019-01-17	2019-01-17	1	0	0
248	0	Mugar	boss-Stacks	UA	RES_DESK	2019-01-17	2019-01-17	1	0	0
249	0	Mugar	boss-Stacks	UD	RES_DESK	2019-01-17	2019-01-17	1	0	0
250	0	Mugar	Off-site Storage: sign in and request to pick up only at Mugar, Science, or Pardee Library	AC	DEFAULT_CIRC_DESK	2019-01-18	2019-01-18	1	0	0
251	0	Mugar	boss-Stacks	B	DEFAULT_CIRC_DESK	2019-01-18	2019-01-18	2	0	1
252	0	Mugar	boss-Stacks	B	SC	2019-01-18	2019-01-18	1	0	0
253	0	Mugar	boss-Stacks	BD	DEFAULT_CIRC_DESK	2019-01-18	2019-01-18	1	0	0
254	0	Mugar	boss-Stacks	BF	RES_DESK	2019-01-18	2019-01-18	1	0	0
255	0	Mugar	boss-Stacks	BF	SC	2019-01-18	2019-01-18	2	0	0
256	0	Mugar	boss-Stacks	BL	DEFAULT_CIRC_DESK	2019-01-18	2019-01-18	1	0	0
257	0	Mugar	boss-Stacks	CC	DEFAULT_CIRC_DESK	2019-01-18	2019-01-18	1	0	0
258	0	Mugar	boss-Stacks	DT	RES_DESK	2019-01-18	2019-01-18	1	0	0
259	0	Mugar	boss-Stacks	E	SC	2019-01-18	2019-01-18	1	0	1
260	0	Mugar	boss-Stacks	F	DEFAULT_CIRC_DESK	2019-01-18	2019-01-18	2	0	0
261	0	Mugar	mrr-Reserves	F	MUGRES	2019-01-18	2019-01-18	3	0	3
262	0	Mugar	boss-Stacks	GN	DEFAULT_CIRC_DESK	2019-01-18	2019-01-18	3	0	0
263	0	Mugar	boss-Stacks	GT	DEFAULT_CIRC_DESK	2019-01-18	2019-01-18	1	0	0
264	0	Mugar	boss-Stacks	GV	SC	2019-01-18	2019-01-18	4	0	0
265	0	Mugar	Off-site Storage: sign in and request to pick up only at Mugar, Science, or Pardee Library	HD	DEFAULT_CIRC_DESK	2019-01-18	2019-01-18	1	0	1
266	0	Mugar	Off-site Storage: sign in and request to pick up only at Mugar, Science, or Pardee Library	HF	DEFAULT_CIRC_DESK	2019-01-18	2019-01-18	1	0	0
267	0	Mugar	boss-Stacks	HQ	DEFAULT_CIRC_DESK	2019-01-18	2019-01-18	4	0	0
268	0	Mugar	mrr-Reserves	HV	MUGRES	2019-01-18	2019-01-18	2	0	2
269	0	Mugar	boss-Stacks	JQ	DEFAULT_CIRC_DESK	2019-01-18	2019-01-18	1	0	0
270	0	Mugar	mrr-Reserves	JZ	MUGRES	2019-01-18	2019-01-18	1	0	1
271	0	Mugar	boss-Stacks	JZ	RES_DESK	2019-01-18	2019-01-18	1	0	0
272	0	Mugar	boss-Stacks	NA	RES_DESK	2019-01-18	2019-01-18	1	0	0
273	0	Mugar	boss-Stacks	NB	DEFAULT_CIRC_DESK	2019-01-18	2019-01-18	3	0	1
274	0	Mugar	boss-Stacks	NC	DEFAULT_CIRC_DESK	2019-01-18	2019-01-18	2	0	0
275	0	Mugar	boss-Stacks	ND	DEFAULT_CIRC_DESK	2019-01-18	2019-01-18	4	0	0
276	0	Mugar	boss-Stacks	NK	DEFAULT_CIRC_DESK	2019-01-18	2019-01-18	1	0	1
277	0	Mugar	boss-Stacks	NX	DEFAULT_CIRC_DESK	2019-01-18	2019-01-18	1	0	0
278	0	Mugar	boss-Stacks	P	DEFAULT_CIRC_DESK	2019-01-18	2019-01-18	1	0	1
279	0	Mugar	boss-Stacks	PA	DEFAULT_CIRC_DESK	2019-01-18	2019-01-18	3	0	0
280	0	Mugar	boss-Stacks	PA	RES_DESK	2019-01-18	2019-01-18	1	0	0
281	0	Mugar	boss-Stacks	PG	DEFAULT_CIRC_DESK	2019-01-18	2019-01-18	1	0	0
282	0	Mugar	boss-Stacks	PJ	SC	2019-01-18	2019-01-18	1	0	0
283	0	Mugar	boss-Stacks	PL	RES_DESK	2019-01-18	2019-01-18	2	0	0
284	0	Mugar	boss-Stacks	PN	RES_DESK	2019-01-18	2019-01-18	2	0	0
285	0	Mugar	boss-Stacks	PR	DEFAULT_CIRC_DESK	2019-01-18	2019-01-18	1	0	0
286	0	Mugar	boss-Stacks	PS	DEFAULT_CIRC_DESK	2019-01-18	2019-01-18	3	0	0
287	0	Mugar	boss-Stacks	PS	RES_DESK	2019-01-18	2019-01-18	1	0	0
288	0	Mugar	boss-Stacks	PS	SC	2019-01-18	2019-01-18	3	1	0
289	0	Mugar	boss-Stacks	RC	DEFAULT_CIRC_DESK	2019-01-18	2019-01-18	1	0	0
290	0	Mugar	boss-Stacks	TR	SC	2019-01-18	2019-01-18	5	0	0
291	0	Mugar	Krasker Film Collection	Unknown	Krasker	2019-01-18	2019-01-18	2	0	0
292	0	Mugar	boss-Stacks	B	DEFAULT_CIRC_DESK	2019-01-19	2019-01-19	1	0	0
293	0	Mugar	boss-Stacks	B	SC	2019-01-19	2019-01-19	2	0	0
294	0	Mugar	boss-Stacks	BL	DEFAULT_CIRC_DESK	2019-01-19	2019-01-19	2	0	0
295	0	Mugar	boss-Stacks	BQ	DEFAULT_CIRC_DESK	2019-01-19	2019-01-19	1	0	0
296	0	Mugar	boss-Stacks	DC	DEFAULT_CIRC_DESK	2019-01-19	2019-01-19	1	0	0
297	0	Mugar	boss-Stacks	F	DEFAULT_CIRC_DESK	2019-01-19	2019-01-19	2	0	0
298	0	Mugar	boss-Stacks	GN	DEFAULT_CIRC_DESK	2019-01-19	2019-01-19	2	0	0
299	0	Mugar	boss-Stacks	GT	DEFAULT_CIRC_DESK	2019-01-19	2019-01-19	1	0	0
300	0	Mugar	boss-Stacks	ND	DEFAULT_CIRC_DESK	2019-01-19	2019-01-19	1	0	0
301	0	Mugar	boss-Stacks	NX	SC	2019-01-19	2019-01-19	1	0	0
302	0	Mugar	boss-Stacks	PA	DEFAULT_CIRC_DESK	2019-01-19	2019-01-19	1	0	0
303	0	Mugar	boss-Stacks	PR	DEFAULT_CIRC_DESK	2019-01-19	2019-01-19	1	0	0
304	0	Mugar	boss-Stacks	PR	SC	2019-01-19	2019-01-19	1	0	0
305	0	Mugar	boss-Stacks	PS	DEFAULT_CIRC_DESK	2019-01-19	2019-01-19	6	0	0
306	0	Mugar	boss-Stacks	PS	SC	2019-01-19	2019-01-19	2	0	0
307	0	Mugar	boss-Stacks	SB	DEFAULT_CIRC_DESK	2019-01-19	2019-01-19	1	0	0
308	0	Mugar	boss-Stacks	TX	DEFAULT_CIRC_DESK	2019-01-19	2019-01-19	1	0	0
309	0	Mugar	boss-Stacks	B	DEFAULT_CIRC_DESK	2019-01-21	2019-01-21	3	0	0
310	0	Mugar	boss-Stacks	B	SC	2019-01-21	2019-01-21	1	0	0
311	0	Mugar	boss-Stacks	BS	SC	2019-01-21	2019-01-21	1	0	0
312	0	Mugar	boss-Stacks	D	DEFAULT_CIRC_DESK	2019-01-21	2019-01-21	2	0	1
313	0	Mugar	boss-Stacks	D	SC	2019-01-21	2019-01-21	1	0	0
314	0	Mugar	boss-Stacks	DC	DEFAULT_CIRC_DESK	2019-01-21	2019-01-21	1	0	0
315	0	Mugar	boss-Stacks	DG	SC	2019-01-21	2019-01-21	1	0	1
316	0	Mugar	boss-Stacks	DK	DEFAULT_CIRC_DESK	2019-01-21	2019-01-21	5	0	0
317	0	Mugar	boss-Stacks	E	DEFAULT_CIRC_DESK	2019-01-21	2019-01-21	6	0	0
318	0	Mugar	boss-Stacks	F	DEFAULT_CIRC_DESK	2019-01-21	2019-01-21	1	0	0
319	0	Mugar	boss-Stacks	F	SC	2019-01-21	2019-01-21	2	0	0
320	0	Mugar	boss-Stacks	GN	DEFAULT_CIRC_DESK	2019-01-21	2019-01-21	1	0	0
321	0	Mugar	boss-Stacks	GT	DEFAULT_CIRC_DESK	2019-01-21	2019-01-21	2	0	0
322	0	Mugar	boss-Stacks	H	DEFAULT_CIRC_DESK	2019-01-21	2019-01-21	1	0	0
323	0	Mugar	boss-Stacks	HC	SC	2019-01-21	2019-01-21	1	0	0
324	0	Mugar	boss-Stacks	HM	DEFAULT_CIRC_DESK	2019-01-21	2019-01-21	1	0	0
325	0	Mugar	boss-Stacks	HN	DEFAULT_CIRC_DESK	2019-01-21	2019-01-21	2	0	0
326	0	Mugar	boss-Stacks	HT	SC	2019-01-21	2019-01-21	2	0	0
327	0	Mugar	boss-Stacks	HV	DEFAULT_CIRC_DESK	2019-01-21	2019-01-21	1	0	0
328	0	Mugar	boss-Stacks	JC	SC	2019-01-21	2019-01-21	1	0	0
329	0	Mugar	boss-Stacks	JK	DEFAULT_CIRC_DESK	2019-01-21	2019-01-21	1	0	0
330	0	Mugar	boss-Stacks	JZ	DEFAULT_CIRC_DESK	2019-01-21	2019-01-21	1	0	0
331	0	Mugar	boss-Stacks	NA	SC	2019-01-21	2019-01-21	2	0	0
332	0	Mugar	boss-Stacks	P	DEFAULT_CIRC_DESK	2019-01-21	2019-01-21	2	0	0
333	0	Mugar	boss-Stacks	PA	SC	2019-01-21	2019-01-21	4	0	0
334	0	Mugar	mrr-Reserves	PG	MUGRES	2019-01-21	2019-01-21	2	0	2
335	0	Mugar	boss-Stacks	PG	SC	2019-01-21	2019-01-21	1	0	0
336	0	Mugar	boss-Stacks	PJ	DEFAULT_CIRC_DESK	2019-01-21	2019-01-21	2	0	0
337	0	Mugar	boss-Stacks	PN	DEFAULT_CIRC_DESK	2019-01-21	2019-01-21	2	0	0
338	0	Mugar	boss-Stacks	PR	DEFAULT_CIRC_DESK	2019-01-21	2019-01-21	1	0	0
339	0	Mugar	boss-Stacks	PR	SC	2019-01-21	2019-01-21	1	0	0
340	0	Mugar	boss-Stacks	PS	DEFAULT_CIRC_DESK	2019-01-21	2019-01-21	1	0	0
341	0	Mugar	boss-Stacks	RC	SC	2019-01-21	2019-01-21	5	0	0
342	0	Mugar	boss-Stacks	TR	DEFAULT_CIRC_DESK	2019-01-21	2019-01-21	1	0	0
343	0	Mugar	Krasker Film Collection	Unknown	Krasker	2019-01-21	2019-01-21	4	0	0
344	0	Mugar	boss-Stacks	B	DEFAULT_CIRC_DESK	2019-01-22	2019-01-22	5	0	0
345	0	Mugar	boss-Stacks	B	RES_DESK	2019-01-22	2019-01-22	2	0	0
346	0	Mugar	boss-Stacks	B	SC	2019-01-22	2019-01-22	4	0	0
347	0	Mugar	boss-Stacks	BF	DEFAULT_CIRC_DESK	2019-01-22	2019-01-22	1	0	0
348	0	Mugar	boss-Stacks	BF	SC	2019-01-22	2019-01-22	1	0	0
349	0	Mugar	boss-Stacks	BH	SC	2019-01-22	2019-01-22	2	0	0
350	0	Mugar	boss-Stacks	BP	DEFAULT_CIRC_DESK	2019-01-22	2019-01-22	1	0	0
351	0	Mugar	boss-Stacks	BQ	DEFAULT_CIRC_DESK	2019-01-22	2019-01-22	1	0	0
352	0	Mugar	Reference X	BS	DEFAULT_CIRC_DESK	2019-01-22	2019-01-22	1	0	1
353	0	Mugar	boss-Stacks	BS	DEFAULT_CIRC_DESK	2019-01-22	2019-01-22	1	0	0
354	0	Mugar	boss-Stacks	CT	DEFAULT_CIRC_DESK	2019-01-22	2019-01-22	1	0	0
355	0	Mugar	boss-Stacks	D	RES_DESK	2019-01-22	2019-01-22	1	0	0
356	0	Mugar	boss-Stacks	DC	DEFAULT_CIRC_DESK	2019-01-22	2019-01-22	1	0	0
357	0	Mugar	boss-Stacks	DD	DEFAULT_CIRC_DESK	2019-01-22	2019-01-22	5	0	0
358	0	Mugar	boss-Stacks	DG	DEFAULT_CIRC_DESK	2019-01-22	2019-01-22	1	0	0
359	0	Mugar	boss-Stacks	DG	RES_DESK	2019-01-22	2019-01-22	1	0	0
360	0	Mugar	boss-Stacks	DK	DEFAULT_CIRC_DESK	2019-01-22	2019-01-22	1	0	0
361	0	Mugar	boss-Stacks	DS	DEFAULT_CIRC_DESK	2019-01-22	2019-01-22	8	0	2
362	0	Mugar	boss-Stacks	DS	SC	2019-01-22	2019-01-22	2	0	0
363	0	Mugar	boss-Stacks	DT	DEFAULT_CIRC_DESK	2019-01-22	2019-01-22	6	0	0
364	0	Mugar	boss-Stacks	E	DEFAULT_CIRC_DESK	2019-01-22	2019-01-22	9	0	0
365	0	Mugar	boss-Stacks	E	SC	2019-01-22	2019-01-22	9	0	0
366	0	Mugar	boss-Stacks	F	SC	2019-01-22	2019-01-22	3	0	0
367	0	Mugar	boss-Stacks	GF	DEFAULT_CIRC_DESK	2019-01-22	2019-01-22	1	0	0
368	0	Mugar	boss-Stacks	GN	DEFAULT_CIRC_DESK	2019-01-22	2019-01-22	1	0	0
369	0	Mugar	boss-Stacks	GN	RES_DESK	2019-01-22	2019-01-22	1	0	0
370	0	Mugar	boss-Stacks	GT	DEFAULT_CIRC_DESK	2019-01-22	2019-01-22	1	0	0
371	0	Mugar	boss-Stacks	GT	SC	2019-01-22	2019-01-22	1	0	0
372	0	Mugar	boss-Stacks	GV	DEFAULT_CIRC_DESK	2019-01-22	2019-01-22	1	0	0
373	0	Mugar	boss-Stacks	H	DEFAULT_CIRC_DESK	2019-01-22	2019-01-22	2	0	0
374	0	Mugar	boss-Stacks	HB	SC	2019-01-22	2019-01-22	2	0	0
375	0	Mugar	boss-Stacks	HC	DEFAULT_CIRC_DESK	2019-01-22	2019-01-22	1	0	0
376	0	Mugar	boss-Stacks	HC	SC	2019-01-22	2019-01-22	1	0	0
377	0	Mugar	Off-site Storage: sign in and request to pick up only at Mugar, Science, or Pardee Library	HF	DEFAULT_CIRC_DESK	2019-01-22	2019-01-22	2	0	0
378	0	Mugar	boss-Stacks	HM	DEFAULT_CIRC_DESK	2019-01-22	2019-01-22	1	0	0
379	0	Mugar	boss-Stacks	HN	SC	2019-01-22	2019-01-22	1	0	0
380	0	Mugar	boss-Stacks	HT	DEFAULT_CIRC_DESK	2019-01-22	2019-01-22	3	0	0
381	0	Mugar	boss-Stacks	HT	SC	2019-01-22	2019-01-22	1	0	0
382	0	Mugar	boss-Stacks	HV	DEFAULT_CIRC_DESK	2019-01-22	2019-01-22	2	0	0
383	0	Mugar	boss-Stacks	HV	SC	2019-01-22	2019-01-22	1	0	0
384	0	Mugar	mrr-Reserves	JA	MUGRES	2019-01-22	2019-01-22	1	0	1
385	0	Mugar	boss-Stacks	JC	DEFAULT_CIRC_DESK	2019-01-22	2019-01-22	1	0	0
386	0	Mugar	boss-Stacks	JC	SC	2019-01-22	2019-01-22	1	0	0
387	0	Mugar	mrr-Reserves	JF	MUGRES	2019-01-22	2019-01-22	1	0	1
388	0	Mugar	boss-Stacks	JK	DEFAULT_CIRC_DESK	2019-01-22	2019-01-22	1	0	0
389	0	Mugar	boss-Stacks	JQ	DEFAULT_CIRC_DESK	2019-01-22	2019-01-22	2	0	0
390	0	Mugar	boss-Stacks	JZ	DEFAULT_CIRC_DESK	2019-01-22	2019-01-22	1	0	0
391	0	Mugar	boss-Stacks	KD	DEFAULT_CIRC_DESK	2019-01-22	2019-01-22	1	0	0
392	0	Mugar	boss-Stacks	KF	SC	2019-01-22	2019-01-22	3	0	0
393	0	Mugar	boss-Stacks	KZ	DEFAULT_CIRC_DESK	2019-01-22	2019-01-22	1	0	0
394	0	Mugar	boss-Stacks	LC	RES_DESK	2019-01-22	2019-01-22	1	0	0
395	0	Mugar	boss-Stacks	N	DEFAULT_CIRC_DESK	2019-01-22	2019-01-22	1	0	0
396	0	Mugar	boss-Stacks	N	SC	2019-01-22	2019-01-22	2	0	0
397	0	Mugar	boss-Stacks	NA	DEFAULT_CIRC_DESK	2019-01-22	2019-01-22	2	0	0
398	0	Mugar	Folio	NC	DEFAULT_CIRC_DESK	2019-01-22	2019-01-22	1	0	0
399	0	Mugar	boss-Stacks	ND	SC	2019-01-22	2019-01-22	1	0	0
400	0	Mugar	boss-Stacks	NX	DEFAULT_CIRC_DESK	2019-01-22	2019-01-22	1	0	0
401	0	Mugar	boss-Stacks	P	DEFAULT_CIRC_DESK	2019-01-22	2019-01-22	5	0	0
402	0	Mugar	boss-Stacks	P	RES_DESK	2019-01-22	2019-01-22	2	0	0
403	0	Mugar	boss-Stacks	PA	DEFAULT_CIRC_DESK	2019-01-22	2019-01-22	3	0	1
404	0	Mugar	mrr-Reserves	PA	MUGRES	2019-01-22	2019-01-22	3	0	3
405	0	Mugar	boss-Stacks	PA	RES_DESK	2019-01-22	2019-01-22	1	0	0
406	0	Mugar	boss-Stacks	PE	DEFAULT_CIRC_DESK	2019-01-22	2019-01-22	2	0	0
407	0	Mugar	boss-Stacks	PE	RES_DESK	2019-01-22	2019-01-22	1	0	0
408	0	Mugar	boss-Stacks	PF	SC	2019-01-22	2019-01-22	1	0	0
409	0	Mugar	boss-Stacks	PG	DEFAULT_CIRC_DESK	2019-01-22	2019-01-22	1	0	0
410	0	Mugar	boss-Stacks	PK	RES_DESK	2019-01-22	2019-01-22	1	0	0
411	0	Mugar	boss-Stacks	PL	DEFAULT_CIRC_DESK	2019-01-22	2019-01-22	1	0	0
412	0	Mugar	boss-Stacks	PN	DEFAULT_CIRC_DESK	2019-01-22	2019-01-22	6	0	0
413	0	Mugar	boss-Stacks	PN	RES_DESK	2019-01-22	2019-01-22	1	0	0
414	0	Mugar	boss-Stacks	PN	SC	2019-01-22	2019-01-22	4	0	0
415	0	Mugar	boss-Stacks	PQ	DEFAULT_CIRC_DESK	2019-01-22	2019-01-22	4	0	0
416	0	Mugar	boss-Stacks	PQ	RES_DESK	2019-01-22	2019-01-22	2	0	0
417	0	Mugar	Off-site Storage: sign in and request to pick up only at Mugar, Science, or Pardee Library	PR	DEFAULT_CIRC_DESK	2019-01-22	2019-01-22	1	0	1
418	0	Mugar	boss-Stacks	PR	DEFAULT_CIRC_DESK	2019-01-22	2019-01-22	7	0	2
419	0	Mugar	boss-Stacks	PR	SC	2019-01-22	2019-01-22	6	0	0
420	0	Mugar	boss-Stacks	PS	DEFAULT_CIRC_DESK	2019-01-22	2019-01-22	13	0	1
421	0	Mugar	boss-Stacks	PS	SC	2019-01-22	2019-01-22	7	0	1
422	0	Mugar	boss-Stacks	PT	DEFAULT_CIRC_DESK	2019-01-22	2019-01-22	2	0	0
423	0	Mugar	boss-Stacks	PT	SC	2019-01-22	2019-01-22	2	0	0
424	0	Mugar	boss-Stacks	QK	DEFAULT_CIRC_DESK	2019-01-22	2019-01-22	1	0	1
425	0	Mugar	boss-Stacks	QL	DEFAULT_CIRC_DESK	2019-01-22	2019-01-22	1	0	0
426	0	Mugar	boss-Stacks	QM	DEFAULT_CIRC_DESK	2019-01-22	2019-01-22	2	0	0
427	0	Mugar	boss-Stacks	R	DEFAULT_CIRC_DESK	2019-01-22	2019-01-22	1	0	0
428	0	Mugar	boss-Stacks	RA	DEFAULT_CIRC_DESK	2019-01-22	2019-01-22	1	0	0
429	0	Mugar	boss-Stacks	RA	RES_DESK	2019-01-22	2019-01-22	1	0	0
430	0	Mugar	boss-Stacks	RC	DEFAULT_CIRC_DESK	2019-01-22	2019-01-22	1	0	0
431	0	Mugar	boss-Stacks	RC	SC	2019-01-22	2019-01-22	1	0	0
432	0	Mugar	boss-Stacks	RM	DEFAULT_CIRC_DESK	2019-01-22	2019-01-22	1	0	0
433	0	Mugar	boss-Stacks	TR	DEFAULT_CIRC_DESK	2019-01-22	2019-01-22	2	0	0
434	0	Mugar	Krasker Film Collection	Unknown	Krasker	2019-01-22	2019-01-22	1	0	0
435	0	Mugar	mrr-Reserves	Unknown	MUGRES	2019-01-22	2019-01-22	8	0	8
436	0	Mugar	boss-Stacks	B	DEFAULT_CIRC_DESK	2019-01-23	2019-01-23	10	0	2
437	0	Mugar	boss-Stacks	BF	DEFAULT_CIRC_DESK	2019-01-23	2019-01-23	3	0	0
438	0	Mugar	boss-Stacks	BH	DEFAULT_CIRC_DESK	2019-01-23	2019-01-23	1	0	0
439	0	Mugar	boss-Stacks	BL	DEFAULT_CIRC_DESK	2019-01-23	2019-01-23	1	0	0
440	0	Mugar	mrr-Reserves	BM	MUGRES	2019-01-23	2019-01-23	1	0	1
441	0	Mugar	boss-Stacks	BM	RES_DESK	2019-01-23	2019-01-23	1	0	0
442	0	Mugar	boss-Stacks	BP	SC	2019-01-23	2019-01-23	1	0	0
443	0	Mugar	boss-Stacks	BS	DEFAULT_CIRC_DESK	2019-01-23	2019-01-23	3	0	0
444	0	Mugar	boss-Stacks	BX	DEFAULT_CIRC_DESK	2019-01-23	2019-01-23	2	0	0
445	0	Mugar	boss-Stacks	D	DEFAULT_CIRC_DESK	2019-01-23	2019-01-23	5	0	0
446	0	Mugar	boss-Stacks	D	SC	2019-01-23	2019-01-23	1	0	0
447	0	Mugar	boss-Stacks	DD	DEFAULT_CIRC_DESK	2019-01-23	2019-01-23	5	0	0
448	0	Mugar	boss-Stacks	DG	SC	2019-01-23	2019-01-23	1	0	0
449	0	Mugar	boss-Stacks	DS	DEFAULT_CIRC_DESK	2019-01-23	2019-01-23	3	0	0
450	0	Mugar	boss-Stacks	DS	RES_DESK	2019-01-23	2019-01-23	1	0	0
451	0	Mugar	boss-Stacks	E	DEFAULT_CIRC_DESK	2019-01-23	2019-01-23	12	0	0
452	0	Mugar	mrr-Reserves	E	MUGRES	2019-01-23	2019-01-23	1	0	1
453	0	Mugar	boss-Stacks	E	RES_DESK	2019-01-23	2019-01-23	1	0	0
454	0	Mugar	boss-Stacks	E	SC	2019-01-23	2019-01-23	1	0	0
455	0	Mugar	boss-Stacks	F	DEFAULT_CIRC_DESK	2019-01-23	2019-01-23	1	0	1
456	0	Mugar	boss-Stacks	F	SC	2019-01-23	2019-01-23	1	0	0
457	0	Mugar	boss-Stacks	GE	DEFAULT_CIRC_DESK	2019-01-23	2019-01-23	1	0	0
458	0	Mugar	boss-Stacks	GN	DEFAULT_CIRC_DESK	2019-01-23	2019-01-23	1	0	0
459	0	Mugar	mrr-Reserves	GN	MUGRES	2019-01-23	2019-01-23	1	0	1
460	0	Mugar	boss-Stacks	GR	DEFAULT_CIRC_DESK	2019-01-23	2019-01-23	1	0	0
461	0	Mugar	mrr-Reserves	GR	MUGRES	2019-01-23	2019-01-23	4	0	4
462	0	Mugar	boss-Stacks	GT	DEFAULT_CIRC_DESK	2019-01-23	2019-01-23	2	0	0
463	0	Mugar	boss-Stacks	GT	SC	2019-01-23	2019-01-23	1	0	0
464	0	Mugar	boss-Stacks	HB	DEFAULT_CIRC_DESK	2019-01-23	2019-01-23	1	0	0
465	0	Mugar	boss-Stacks	HC	SC	2019-01-23	2019-01-23	2	0	0
466	0	Mugar	boss-Stacks	HD	DEFAULT_CIRC_DESK	2019-01-23	2019-01-23	1	0	0
467	0	Mugar	boss-Stacks	HD	SC	2019-01-23	2019-01-23	1	0	0
468	0	Mugar	boss-Stacks	HG	DEFAULT_CIRC_DESK	2019-01-23	2019-01-23	2	0	0
469	0	Mugar	boss-Stacks	HN	RES_DESK	2019-01-23	2019-01-23	1	0	0
470	0	Mugar	boss-Stacks	HQ	DEFAULT_CIRC_DESK	2019-01-23	2019-01-23	6	0	0
471	0	Mugar	boss-Stacks	HQ	SC	2019-01-23	2019-01-23	2	0	0
472	0	Mugar	boss-Stacks	HV	DEFAULT_CIRC_DESK	2019-01-23	2019-01-23	2	0	0
473	0	Mugar	mrr-Reserves	HV	MUGRES	2019-01-23	2019-01-23	2	0	2
474	0	Mugar	boss-Stacks	HV	RES_DESK	2019-01-23	2019-01-23	1	0	0
475	0	Mugar	boss-Stacks	JC	SC	2019-01-23	2019-01-23	1	0	0
476	0	Mugar	boss-Stacks	JZ	DEFAULT_CIRC_DESK	2019-01-23	2019-01-23	1	0	0
477	0	Mugar	mrr1-Permanent Reserves	LB	MUGRES	2019-01-23	2019-01-23	1	0	1
478	0	Mugar	Off-site Storage: sign in and request to pick up only at Mugar, Science, or Pardee Library	LD	DEFAULT_CIRC_DESK	2019-01-23	2019-01-23	1	0	0
479	0	Mugar	boss-Stacks	N	DEFAULT_CIRC_DESK	2019-01-23	2019-01-23	8	0	0
480	0	Mugar	mrr-Reserves	N	MUGRES	2019-01-23	2019-01-23	1	0	1
481	0	Mugar	mrr-Reserves	NA	MUGRES	2019-01-23	2019-01-23	1	0	1
482	0	Mugar	boss-Stacks	NA	SC	2019-01-23	2019-01-23	1	0	0
483	0	Mugar	boss-Stacks	ND	DEFAULT_CIRC_DESK	2019-01-23	2019-01-23	2	0	0
484	0	Mugar	boss-Stacks	NK	DEFAULT_CIRC_DESK	2019-01-23	2019-01-23	1	0	0
485	0	Mugar	boss-Stacks	NX	SC	2019-01-23	2019-01-23	1	0	0
486	0	Mugar	boss-Stacks	P	DEFAULT_CIRC_DESK	2019-01-23	2019-01-23	3	0	0
487	0	Mugar	boss-Stacks	P	SC	2019-01-23	2019-01-23	1	0	0
488	0	Mugar	boss-Stacks	PA	RES_DESK	2019-01-23	2019-01-23	1	0	0
489	0	Mugar	boss-Stacks	PA	SC	2019-01-23	2019-01-23	7	0	0
490	0	Mugar	boss-Stacks	PE	SC	2019-01-23	2019-01-23	1	0	0
491	0	Mugar	boss-Stacks	PJ	SC	2019-01-23	2019-01-23	2	0	0
492	0	Mugar	mrr-Reserves	PL	MUGRES	2019-01-23	2019-01-23	1	0	1
493	0	Mugar	boss-Stacks	PN	DEFAULT_CIRC_DESK	2019-01-23	2019-01-23	10	0	1
494	0	Mugar	boss-Stacks	PN	RES_DESK	2019-01-23	2019-01-23	1	0	0
495	0	Mugar	boss-Stacks	PN	SC	2019-01-23	2019-01-23	3	0	0
496	0	Mugar	boss-Stacks	PQ	RES_DESK	2019-01-23	2019-01-23	3	0	0
497	0	Mugar	boss-Stacks	PR	DEFAULT_CIRC_DESK	2019-01-23	2019-01-23	5	0	0
498	0	Mugar	boss-Stacks	PR	SC	2019-01-23	2019-01-23	5	0	0
499	0	Mugar	boss-Stacks	PS	DEFAULT_CIRC_DESK	2019-01-23	2019-01-23	9	0	0
500	0	Mugar	boss-Stacks	PS	SC	2019-01-23	2019-01-23	3	0	0
501	0	Mugar	boss-Stacks	PT	DEFAULT_CIRC_DESK	2019-01-23	2019-01-23	2	0	0
502	0	Mugar	boss-Stacks	Q	DEFAULT_CIRC_DESK	2019-01-23	2019-01-23	1	0	0
503	0	Mugar	Off-site Storage: sign in and request to pick up only at Mugar, Science, or Pardee Library	QC	IRONRS	2019-01-23	2019-01-23	1	0	1
504	0	Mugar	boss-Stacks	RC	DEFAULT_CIRC_DESK	2019-01-23	2019-01-23	1	0	0
505	0	Mugar	mrr-Reserves	RC	MUGRES	2019-01-23	2019-01-23	1	0	0
506	0	Mugar	boss-Stacks	RM	DEFAULT_CIRC_DESK	2019-01-23	2019-01-23	1	0	0
507	0	Mugar	Folio	TR	SC	2019-01-23	2019-01-23	7	0	0
508	0	Mugar	boss-Stacks	TT	DEFAULT_CIRC_DESK	2019-01-23	2019-01-23	1	0	0
509	0	Mugar	Krasker Film Collection	Unknown	Krasker	2019-01-23	2019-01-23	1	0	0
510	0	Mugar	mrr-Reserves	Unknown	MUGRES	2019-01-23	2019-01-23	6	0	5
511	0	Mugar	boss-Stacks	B	SC	2019-01-24	2019-01-24	1	0	0
512	0	Mugar	boss-Stacks	BL	DEFAULT_CIRC_DESK	2019-01-24	2019-01-24	2	0	0
513	0	Mugar	mrr-Reserves	BM	MUGRES	2019-01-24	2019-01-24	1	0	1
514	0	Mugar	boss-Stacks	BR	DEFAULT_CIRC_DESK	2019-01-24	2019-01-24	1	0	0
515	0	Mugar	boss-Stacks	BX	RES_DESK	2019-01-24	2019-01-24	1	0	0
516	0	Mugar	boss-Stacks	CB	SC	2019-01-24	2019-01-24	1	0	0
517	0	Mugar	boss-Stacks	D	DEFAULT_CIRC_DESK	2019-01-24	2019-01-24	2	0	0
518	0	Mugar	boss-Stacks	DA	DEFAULT_CIRC_DESK	2019-01-24	2019-01-24	1	0	0
519	0	Mugar	boss-Stacks	DC	DEFAULT_CIRC_DESK	2019-01-24	2019-01-24	1	0	0
520	0	Mugar	boss-Stacks	DF	RES_DESK	2019-01-24	2019-01-24	1	0	0
521	0	Mugar	boss-Stacks	DG	RES_DESK	2019-01-24	2019-01-24	1	0	0
522	0	Mugar	boss-Stacks	DS	DEFAULT_CIRC_DESK	2019-01-24	2019-01-24	2	0	0
523	0	Mugar	boss-Stacks	DT	DEFAULT_CIRC_DESK	2019-01-24	2019-01-24	4	0	0
524	0	Mugar	boss-Stacks	DT	SC	2019-01-24	2019-01-24	1	0	0
525	0	Mugar	boss-Stacks	E	DEFAULT_CIRC_DESK	2019-01-24	2019-01-24	2	0	0
526	0	Mugar	mrr-Reserves	E	MUGRES	2019-01-24	2019-01-24	1	0	1
527	0	Mugar	boss-Stacks	E	RES_DESK	2019-01-24	2019-01-24	1	0	0
528	0	Mugar	mrr-Reserves	GN	MUGRES	2019-01-24	2019-01-24	1	0	1
529	0	Mugar	boss-Stacks	GN	RES_DESK	2019-01-24	2019-01-24	1	0	0
530	0	Mugar	mrr-Reserves	GT	MUGRES	2019-01-24	2019-01-24	3	0	2
531	0	Mugar	boss-Stacks	HB	SC	2019-01-24	2019-01-24	3	0	0
532	0	Mugar	boss-Stacks	HC	DEFAULT_CIRC_DESK	2019-01-24	2019-01-24	1	0	0
533	0	Mugar	mrr-Reserves	HC	MUGRES	2019-01-24	2019-01-24	2	0	1
534	0	Mugar	boss-Stacks	HD	DEFAULT_CIRC_DESK	2019-01-24	2019-01-24	1	0	0
535	0	Mugar	Off-site Storage: sign in and request to pick up only at Mugar, Science, or Pardee Library	HD	DEFAULT_CIRC_DESK	2019-01-24	2019-01-24	1	0	0
536	0	Mugar	mrr-Reserves	HE	MUGRES	2019-01-24	2019-01-24	1	0	0
537	0	Mugar	boss-Stacks	HM	DEFAULT_CIRC_DESK	2019-01-24	2019-01-24	5	0	0
538	0	Mugar	Off-site Storage: sign in and request to pick up only at Mugar, Science, or Pardee Library	HN	DEFAULT_CIRC_DESK	2019-01-24	2019-01-24	1	0	0
539	0	Mugar	boss-Stacks	HQ	DEFAULT_CIRC_DESK	2019-01-24	2019-01-24	3	0	0
540	0	Mugar	boss-Stacks	HV	DEFAULT_CIRC_DESK	2019-01-24	2019-01-24	3	0	0
541	0	Mugar	mrr-Reserves	HV	MUGRES	2019-01-24	2019-01-24	4	0	4
542	0	Mugar	boss-Stacks	JA	DEFAULT_CIRC_DESK	2019-01-24	2019-01-24	1	0	0
543	0	Mugar	boss-Stacks	KJV	SC	2019-01-24	2019-01-24	1	0	0
544	0	Mugar	boss-Stacks	N	DEFAULT_CIRC_DESK	2019-01-24	2019-01-24	4	0	0
545	0	Mugar	boss-Stacks	NA	DEFAULT_CIRC_DESK	2019-01-24	2019-01-24	1	0	0
546	0	Mugar	boss-Stacks	NA	RES_DESK	2019-01-24	2019-01-24	1	0	0
547	0	Mugar	boss-Stacks	NA	SC	2019-01-24	2019-01-24	3	0	0
548	0	Mugar	boss-Stacks	NC	DEFAULT_CIRC_DESK	2019-01-24	2019-01-24	3	0	0
549	0	Mugar	boss-Stacks	ND	DEFAULT_CIRC_DESK	2019-01-24	2019-01-24	1	0	0
550	0	Mugar	boss-Stacks	NK	SC	2019-01-24	2019-01-24	1	0	0
551	0	Mugar	boss-Stacks	P	DEFAULT_CIRC_DESK	2019-01-24	2019-01-24	3	0	0
552	0	Mugar	boss-Stacks	PA	DEFAULT_CIRC_DESK	2019-01-24	2019-01-24	8	0	0
553	0	Mugar	boss-Stacks	PN	DEFAULT_CIRC_DESK	2019-01-24	2019-01-24	3	0	0
554	0	Mugar	boss-Stacks	PN	RES_DESK	2019-01-24	2019-01-24	1	0	0
555	0	Mugar	boss-Stacks	PN	SC	2019-01-24	2019-01-24	1	0	0
556	0	Mugar	boss-Stacks	PQ	DEFAULT_CIRC_DESK	2019-01-24	2019-01-24	2	0	0
557	0	Mugar	boss-Stacks	PQ	RES_DESK	2019-01-24	2019-01-24	2	0	1
558	0	Mugar	boss-Stacks	PR	DEFAULT_CIRC_DESK	2019-01-24	2019-01-24	1	0	0
559	0	Mugar	boss-Stacks	PR	SC	2019-01-24	2019-01-24	2	0	0
560	0	Mugar	6floordisp	PR	SC	2019-01-24	2019-01-24	1	0	0
561	0	Mugar	boss-Stacks	PS	DEFAULT_CIRC_DESK	2019-01-24	2019-01-24	1	0	0
562	0	Mugar	boss-Stacks	PS	SC	2019-01-24	2019-01-24	1	0	0
563	0	Mugar	Off-site Storage: sign in and request to pick up only at Mugar, Science, or Pardee Library	TK	DEFAULT_CIRC_DESK	2019-01-24	2019-01-24	1	0	0
564	0	Mugar	Krasker Film Collection	Unknown	Krasker	2019-01-24	2019-01-24	9	0	1
565	0	Mugar	mrr-Reserves	Unknown	MUGRES	2019-01-24	2019-01-24	7	0	6
566	0	Mugar	Off-site Storage: sign in and request to pick up only at Mugar, Science, or Pardee Library	Z	DEFAULT_CIRC_DESK	2019-01-24	2019-01-24	1	0	0
567	0	Alumni Medical Library	Stacks	Unknown	DEFAULT_CIRC_DESK	2019-01-14	2019-01-14	2	0	0
568	0	Alumni Medical Library	Stacks	Unknown	DEFAULT_CIRC_DESK	2019-01-16	2019-01-16	1	0	0
569	0	Alumni Medical Library	Thesis	Unknown	DEFAULT_CIRC_DESK	2019-01-17	2019-01-17	3	0	0
570	0	Alumni Medical Library	Stacks	Unknown	DEFAULT_CIRC_DESK	2019-01-18	2019-01-18	1	0	0
571	0	Alumni Medical Library	Stacks	Unknown	DEFAULT_CIRC_DESK	2019-01-19	2019-01-19	1	0	0
572	0	Alumni Medical Library	Stacks	Unknown	DEFAULT_CIRC_DESK	2019-01-22	2019-01-22	4	0	0
573	0	Alumni Medical Library	Stacks	Unknown	DEFAULT_CIRC_DESK	2019-01-23	2019-01-23	9	0	0
574	0	Alumni Medical Library	Stacks	Unknown	DEFAULT_CIRC_DESK	2019-01-24	2019-01-24	4	0	0
575	0	Fineman & Pappas Law Libraries	Pappas Reading Room	E	DEFAULT_CIRC_DESK	2019-01-11	2019-01-11	1	0	0
576	0	Fineman & Pappas Law Libraries	Pappas Reading Room	KD	DEFAULT_CIRC_DESK	2019-01-11	2019-01-11	1	0	0
577	0	Fineman & Pappas Law Libraries	Fineman circulation desk	Unknown	DEFAULT_CIRC_DESK	2019-01-11	2019-01-11	5	0	5
578	0	Fineman & Pappas Law Libraries	Pappas Reading Room	GN	DEFAULT_CIRC_DESK	2019-01-12	2019-01-12	1	0	0
579	0	Fineman & Pappas Law Libraries	Pappas Reading Room	JF	DEFAULT_CIRC_DESK	2019-01-12	2019-01-12	1	0	0
580	0	Fineman & Pappas Law Libraries	Annex	KF	DEFAULT_CIRC_DESK	2019-01-12	2019-01-12	1	0	0
581	0	Fineman & Pappas Law Libraries	Faculty Library	KF	DEFAULT_CIRC_DESK	2019-01-12	2019-01-12	1	0	1
582	0	Fineman & Pappas Law Libraries	Fineman circulation desk	Unknown	DEFAULT_CIRC_DESK	2019-01-12	2019-01-12	2	0	2
583	0	Fineman & Pappas Law Libraries	Fineman circulation desk	Unknown	LAW_CD2	2019-01-12	2019-01-12	1	2	1
584	0	Fineman & Pappas Law Libraries	Fineman circulation desk	Unknown	LAW_CD3	2019-01-12	2019-01-12	1	0	1
585	0	Fineman & Pappas Law Libraries	Mezzanine	RA	DEFAULT_CIRC_DESK	2019-01-13	2019-01-13	1	0	0
586	0	Fineman & Pappas Law Libraries	Fineman circulation desk	Unknown	DEFAULT_CIRC_DESK	2019-01-13	2019-01-13	2	0	2
587	0	Fineman & Pappas Law Libraries	Fineman circulation desk	Unknown	LAW_CD3	2019-01-13	2019-01-13	1	0	1
588	0	Fineman & Pappas Law Libraries	Pappas Reading Room	HD	DEFAULT_CIRC_DESK	2019-01-14	2019-01-14	1	0	0
589	0	Fineman & Pappas Law Libraries	Annex	HG	DEFAULT_CIRC_DESK	2019-01-14	2019-01-14	1	0	0
590	0	Fineman & Pappas Law Libraries	Annex	KF	DEFAULT_CIRC_DESK	2019-01-14	2019-01-14	4	1	0
591	0	Fineman & Pappas Law Libraries	Annex Library Use Only	KF	DEFAULT_CIRC_DESK	2019-01-14	2019-01-14	1	0	0
592	0	Fineman & Pappas Law Libraries	Do Not Renew	KF	DEFAULT_CIRC_DESK	2019-01-14	2019-01-14	2	0	2
593	0	Fineman & Pappas Law Libraries	Fineman circulation desk	Unknown	DEFAULT_CIRC_DESK	2019-01-14	2019-01-14	25	5	25
594	0	Fineman & Pappas Law Libraries	Tech Services	Unknown	DEFAULT_CIRC_DESK	2019-01-14	2019-01-14	1	1	0
595	0	Fineman & Pappas Law Libraries	Fineman circulation desk	Unknown	LAW_CD3	2019-01-14	2019-01-14	6	3	6
596	0	Fineman & Pappas Law Libraries	Pappas Reading Room	BF	DEFAULT_CIRC_DESK	2019-01-15	2019-01-15	1	0	0
597	0	Fineman & Pappas Law Libraries	Pappas Reading Room	E	DEFAULT_CIRC_DESK	2019-01-15	2019-01-15	1	0	0
598	0	Fineman & Pappas Law Libraries	Annex	HG	DEFAULT_CIRC_DESK	2019-01-15	2019-01-15	1	0	1
599	0	Fineman & Pappas Law Libraries	Pappas Reading Room	HN	DEFAULT_CIRC_DESK	2019-01-15	2019-01-15	1	1	0
600	0	Fineman & Pappas Law Libraries	Pappas Reading Room	HQ	DEFAULT_CIRC_DESK	2019-01-15	2019-01-15	1	0	0
601	0	Fineman & Pappas Law Libraries	Pappas Reading Room	HT	DEFAULT_CIRC_DESK	2019-01-15	2019-01-15	1	0	0
602	0	Fineman & Pappas Law Libraries	Annex	JX	DEFAULT_CIRC_DESK	2019-01-15	2019-01-15	1	0	0
603	0	Fineman & Pappas Law Libraries	Annex	KD	DEFAULT_CIRC_DESK	2019-01-15	2019-01-15	1	0	0
604	0	Fineman & Pappas Law Libraries	Fineman circulation desk	Unknown	DEFAULT_CIRC_DESK	2019-01-15	2019-01-15	33	11	33
605	0	Fineman & Pappas Law Libraries	Fineman circulation desk	Unknown	LAW_CD2	2019-01-15	2019-01-15	4	1	4
606	0	Fineman & Pappas Law Libraries	Fineman circulation desk	Unknown	LAW_CD3	2019-01-15	2019-01-15	4	0	4
607	0	Fineman & Pappas Law Libraries	Do Not Renew	BF	DEFAULT_CIRC_DESK	2019-01-16	2019-01-16	1	0	1
608	0	Fineman & Pappas Law Libraries	Pappas Reading Room	HB	DEFAULT_CIRC_DESK	2019-01-16	2019-01-16	1	0	0
609	0	Fineman & Pappas Law Libraries	Pappas Reading Room	HG	DEFAULT_CIRC_DESK	2019-01-16	2019-01-16	3	0	2
610	0	Fineman & Pappas Law Libraries	Annex	HM	DEFAULT_CIRC_DESK	2019-01-16	2019-01-16	1	0	1
611	0	Fineman & Pappas Law Libraries	Annex	K	DEFAULT_CIRC_DESK	2019-01-16	2019-01-16	1	0	0
612	0	Fineman & Pappas Law Libraries	Pappas Reading Room	K	DEFAULT_CIRC_DESK	2019-01-16	2019-01-16	1	0	0
613	0	Fineman & Pappas Law Libraries	Pappas Reading Room	KF	DEFAULT_CIRC_DESK	2019-01-16	2019-01-16	2	0	2
614	0	Fineman & Pappas Law Libraries	Annex	KF	DEFAULT_CIRC_DESK	2019-01-16	2019-01-16	4	0	4
615	0	Fineman & Pappas Law Libraries	Annex	KKV	DEFAULT_CIRC_DESK	2019-01-16	2019-01-16	1	0	0
616	0	Fineman & Pappas Law Libraries	Mezzanine	KZ	DEFAULT_CIRC_DESK	2019-01-16	2019-01-16	1	0	1
617	0	Fineman & Pappas Law Libraries	Fineman circulation desk	Unknown	DEFAULT_CIRC_DESK	2019-01-16	2019-01-16	19	1	18
618	0	Fineman & Pappas Law Libraries	Fineman circulation desk	Unknown	LAW_CD2	2019-01-16	2019-01-16	2	2	2
619	0	Fineman & Pappas Law Libraries	Fineman circulation desk	Unknown	LAW_CD3	2019-01-16	2019-01-16	10	3	10
620	0	Fineman & Pappas Law Libraries	Fineman Reference Suite	Z	DEFAULT_CIRC_DESK	2019-01-16	2019-01-16	1	0	0
621	0	Fineman & Pappas Law Libraries	Pappas Reading Room	BF	LAW_CD2	2019-01-17	2019-01-17	2	0	2
622	0	Fineman & Pappas Law Libraries	Pappas Reading Room	HG	DEFAULT_CIRC_DESK	2019-01-17	2019-01-17	1	0	0
623	0	Fineman & Pappas Law Libraries	Annex	K	DEFAULT_CIRC_DESK	2019-01-17	2019-01-17	1	0	1
624	0	Fineman & Pappas Law Libraries	Pappas Reading Room	K	DEFAULT_CIRC_DESK	2019-01-17	2019-01-17	1	0	0
625	0	Fineman & Pappas Law Libraries	Annex	KF	DEFAULT_CIRC_DESK	2019-01-17	2019-01-17	1	0	0
626	0	Fineman & Pappas Law Libraries	Pappas Reading Room	KF	DEFAULT_CIRC_DESK	2019-01-17	2019-01-17	1	0	1
627	0	Fineman & Pappas Law Libraries	Mezzanine	KZA	DEFAULT_CIRC_DESK	2019-01-17	2019-01-17	1	0	0
628	0	Fineman & Pappas Law Libraries	Fineman circulation desk	Unknown	DEFAULT_CIRC_DESK	2019-01-17	2019-01-17	20	1	20
629	0	Fineman & Pappas Law Libraries	Fineman circulation desk	Unknown	LAW_CD2	2019-01-17	2019-01-17	2	1	2
630	0	Fineman & Pappas Law Libraries	Fineman Reference Suite Library Use Only	Z	DEFAULT_CIRC_DESK	2019-01-17	2019-01-17	1	0	0
631	0	Fineman & Pappas Law Libraries	Annex	D	DEFAULT_CIRC_DESK	2019-01-18	2019-01-18	1	0	0
632	0	Fineman & Pappas Law Libraries	Pappas Reading Room	HB	DEFAULT_CIRC_DESK	2019-01-18	2019-01-18	1	0	0
633	0	Fineman & Pappas Law Libraries	Pappas Reading Room	HD	DEFAULT_CIRC_DESK	2019-01-18	2019-01-18	1	0	0
634	0	Fineman & Pappas Law Libraries	Pappas Reading Room	HD	LAW_CD2	2019-01-18	2019-01-18	1	0	0
635	0	Fineman & Pappas Law Libraries	Pappas Reading Room	HG	DEFAULT_CIRC_DESK	2019-01-18	2019-01-18	1	0	0
636	0	Fineman & Pappas Law Libraries	Pappas Reading Room	HQ	DEFAULT_CIRC_DESK	2019-01-18	2019-01-18	1	0	0
637	0	Fineman & Pappas Law Libraries	Pappas Reading Room	K	DEFAULT_CIRC_DESK	2019-01-18	2019-01-18	1	0	0
638	0	Fineman & Pappas Law Libraries	Pappas Reading Room	K	LAW_CD2	2019-01-18	2019-01-18	1	0	0
639	0	Fineman & Pappas Law Libraries	Annex	KF	DEFAULT_CIRC_DESK	2019-01-18	2019-01-18	2	0	0
640	0	Fineman & Pappas Law Libraries	Faculty Library	KF	DEFAULT_CIRC_DESK	2019-01-18	2019-01-18	1	0	0
641	0	Fineman & Pappas Law Libraries	Mezzanine	UA	DEFAULT_CIRC_DESK	2019-01-18	2019-01-18	1	0	0
642	0	Fineman & Pappas Law Libraries	Fineman circulation desk	Unknown	DEFAULT_CIRC_DESK	2019-01-18	2019-01-18	14	0	14
643	0	Fineman & Pappas Law Libraries	Fineman circulation desk	Unknown	LAW_CD3	2019-01-18	2019-01-18	1	0	1
644	0	Fineman & Pappas Law Libraries	Pappas Reading Room	HQ	DEFAULT_CIRC_DESK	2019-01-19	2019-01-19	1	1	0
645	0	Fineman & Pappas Law Libraries	Pappas Reading Room	KF	LAW_CD2	2019-01-19	2019-01-19	1	0	1
646	0	Fineman & Pappas Law Libraries	Fineman circulation desk	Unknown	DEFAULT_CIRC_DESK	2019-01-19	2019-01-19	7	2	7
647	0	Fineman & Pappas Law Libraries	Fineman circulation desk	Unknown	LAW_CD3	2019-01-19	2019-01-19	3	0	3
648	0	Fineman & Pappas Law Libraries	Fineman circulation desk	Unknown	DEFAULT_CIRC_DESK	2019-01-20	2019-01-20	4	1	4
649	0	Fineman & Pappas Law Libraries	Fineman circulation desk	Unknown	LAW_CD3	2019-01-20	2019-01-20	1	0	1
650	0	Fineman & Pappas Law Libraries	Fineman circulation desk	Unknown	DEFAULT_CIRC_DESK	2019-01-21	2019-01-21	10	2	10
651	0	Fineman & Pappas Law Libraries	Fineman circulation desk	Unknown	LAW_CD2	2019-01-21	2019-01-21	3	2	3
652	0	Fineman & Pappas Law Libraries	Fineman circulation desk	Unknown	LAW_CD3	2019-01-21	2019-01-21	1	0	1
653	0	Fineman & Pappas Law Libraries	Pappas Reading Room	BF	LAW_CD2	2019-01-22	2019-01-22	1	0	1
654	0	Fineman & Pappas Law Libraries	Pappas Reading Room	HD	DEFAULT_CIRC_DESK	2019-01-22	2019-01-22	1	0	0
655	0	Fineman & Pappas Law Libraries	Annex	HG	DEFAULT_CIRC_DESK	2019-01-22	2019-01-22	1	0	0
656	0	Fineman & Pappas Law Libraries	Annex	HQ	DEFAULT_CIRC_DESK	2019-01-22	2019-01-22	1	0	0
657	0	Fineman & Pappas Law Libraries	Pappas Reading Room	HQ	DEFAULT_CIRC_DESK	2019-01-22	2019-01-22	1	0	0
658	0	Fineman & Pappas Law Libraries	Pappas Reading Room	K	DEFAULT_CIRC_DESK	2019-01-22	2019-01-22	3	0	2
659	0	Fineman & Pappas Law Libraries	Pappas Reading Room	K	LAW_CD2	2019-01-22	2019-01-22	1	0	0
660	0	Fineman & Pappas Law Libraries	Annex Library Use Only	KF	DEFAULT_CIRC_DESK	2019-01-22	2019-01-22	3	0	2
661	0	Fineman & Pappas Law Libraries	Do Not Renew	KF	DEFAULT_CIRC_DESK	2019-01-22	2019-01-22	1	1	1
662	0	Fineman & Pappas Law Libraries	Mezzanine	KF	DEFAULT_CIRC_DESK	2019-01-22	2019-01-22	1	0	0
663	0	Fineman & Pappas Law Libraries	Pappas Reading Room	KF	DEFAULT_CIRC_DESK	2019-01-22	2019-01-22	1	0	0
664	0	Fineman & Pappas Law Libraries	Pappas Reading Room Library Use Only	KF	DEFAULT_CIRC_DESK	2019-01-22	2019-01-22	2	0	2
665	0	Fineman & Pappas Law Libraries	Journal Reserve	KF	LAW_CD2	2019-01-22	2019-01-22	1	0	1
666	0	Fineman & Pappas Law Libraries	Pappas Reading Room	KF	LAW_CD2	2019-01-22	2019-01-22	1	0	0
667	0	Fineman & Pappas Law Libraries	Annex	RA	DEFAULT_CIRC_DESK	2019-01-22	2019-01-22	1	0	0
668	0	Fineman & Pappas Law Libraries	Fineman circulation desk	Unknown	DEFAULT_CIRC_DESK	2019-01-22	2019-01-22	33	6	33
669	0	Fineman & Pappas Law Libraries	Fineman circulation desk	Unknown	LAW_CD2	2019-01-22	2019-01-22	3	1	3
670	0	Fineman & Pappas Law Libraries	Fineman circulation desk	Unknown	LAW_CD3	2019-01-22	2019-01-22	6	1	6
671	0	Fineman & Pappas Law Libraries	Annex	BF	DEFAULT_CIRC_DESK	2019-01-23	2019-01-23	1	0	0
672	0	Fineman & Pappas Law Libraries	Pappas Reading Room	E	DEFAULT_CIRC_DESK	2019-01-23	2019-01-23	1	0	0
673	0	Fineman & Pappas Law Libraries	Annex	F	DEFAULT_CIRC_DESK	2019-01-23	2019-01-23	1	0	0
674	0	Fineman & Pappas Law Libraries	Pappas Reading Room	HN	DEFAULT_CIRC_DESK	2019-01-23	2019-01-23	1	0	0
675	0	Fineman & Pappas Law Libraries	Pappas Reading Room	HQ	DEFAULT_CIRC_DESK	2019-01-23	2019-01-23	1	0	0
676	0	Fineman & Pappas Law Libraries	Annex	HV	DEFAULT_CIRC_DESK	2019-01-23	2019-01-23	1	0	0
677	0	Fineman & Pappas Law Libraries	Pappas Reading Room	JC	DEFAULT_CIRC_DESK	2019-01-23	2019-01-23	2	0	0
678	0	Fineman & Pappas Law Libraries	Annex	K	DEFAULT_CIRC_DESK	2019-01-23	2019-01-23	1	0	0
679	0	Fineman & Pappas Law Libraries	Annex	KE	DEFAULT_CIRC_DESK	2019-01-23	2019-01-23	1	0	0
680	0	Fineman & Pappas Law Libraries	Mezzanine	KF	DEFAULT_CIRC_DESK	2019-01-23	2019-01-23	2	0	0
681	0	Fineman & Pappas Law Libraries	Annex Library Use Only	KF	DEFAULT_CIRC_DESK	2019-01-23	2019-01-23	5	0	0
682	0	Fineman & Pappas Law Libraries	Mezzanine	KKX	DEFAULT_CIRC_DESK	2019-01-23	2019-01-23	1	0	0
683	0	Fineman & Pappas Law Libraries	Mezzanine	KZ	DEFAULT_CIRC_DESK	2019-01-23	2019-01-23	1	0	0
684	0	Fineman & Pappas Law Libraries	Mezzanine	TX	DEFAULT_CIRC_DESK	2019-01-23	2019-01-23	1	0	0
685	0	Fineman & Pappas Law Libraries	Office copy	Unknown	DEFAULT_CIRC_DESK	2019-01-23	2019-01-23	2	0	0
686	0	Fineman & Pappas Law Libraries	Fineman circulation desk	Unknown	DEFAULT_CIRC_DESK	2019-01-23	2019-01-23	28	4	28
687	0	Fineman & Pappas Law Libraries	Fineman circulation desk	Unknown	LAW_CD2	2019-01-23	2019-01-23	2	0	2
688	0	Fineman & Pappas Law Libraries	Fineman circulation desk	Unknown	LAW_CD3	2019-01-23	2019-01-23	2	0	2
689	0	Fineman & Pappas Law Libraries	Pappas Reading Room	DT	DEFAULT_CIRC_DESK	2019-01-24	2019-01-24	1	0	0
690	0	Fineman & Pappas Law Libraries	Fineman circulation desk	Unknown	DEFAULT_CIRC_DESK	2019-01-24	2019-01-24	32	3	30
691	0	Fineman & Pappas Law Libraries	Mezzanine	Unknown	DEFAULT_CIRC_DESK	2019-01-24	2019-01-24	1	0	0
692	0	Fineman & Pappas Law Libraries	Fineman circulation desk	Unknown	LAW_CD3	2019-01-24	2019-01-24	3	0	3
693	0	Frederick S. Pardee Management Library	Stacks	HF	DEFAULT_CIRC_DESK	2019-01-11	2019-01-11	2	0	1
694	0	Frederick S. Pardee Management Library	Circulation	Unknown	DEFAULT_CIRC_DESK	2019-01-11	2019-01-11	1	0	1
695	0	Frederick S. Pardee Management Library	Pardee New Book Shelf	HC	DEFAULT_CIRC_DESK	2019-01-13	2019-01-13	1	0	0
696	0	Frederick S. Pardee Management Library	Stacks	HD	DEFAULT_CIRC_DESK	2019-01-14	2019-01-14	2	0	2
697	0	Frederick S. Pardee Management Library	Stacks	HF	DEFAULT_CIRC_DESK	2019-01-14	2019-01-14	2	0	1
698	0	Frederick S. Pardee Management Library	Stacks	HF	RES_DESK	2019-01-14	2019-01-14	1	0	0
699	0	Frederick S. Pardee Management Library	Stacks	HD	DEFAULT_CIRC_DESK	2019-01-15	2019-01-15	1	0	1
700	0	Frederick S. Pardee Management Library	Stacks	HD	RES_DESK	2019-01-15	2019-01-15	2	0	0
701	0	Frederick S. Pardee Management Library	Stacks	HG	DEFAULT_CIRC_DESK	2019-01-15	2019-01-15	1	0	1
702	0	Frederick S. Pardee Management Library	Circulation	Unknown	DEFAULT_CIRC_DESK	2019-01-15	2019-01-15	2	0	2
703	0	Frederick S. Pardee Management Library	Stacks	HF	DEFAULT_CIRC_DESK	2019-01-16	2019-01-16	1	0	1
704	0	Frederick S. Pardee Management Library	Stacks	HF	RES_DESK	2019-01-16	2019-01-16	1	0	0
705	0	Frederick S. Pardee Management Library	Stacks	HB	DEFAULT_CIRC_DESK	2019-01-17	2019-01-17	1	0	0
706	0	Frederick S. Pardee Management Library	Stacks	HD	DEFAULT_CIRC_DESK	2019-01-17	2019-01-17	3	0	3
707	0	Frederick S. Pardee Management Library	Stacks	HD	RES_DESK	2019-01-17	2019-01-17	1	0	0
708	0	Frederick S. Pardee Management Library	Stacks	HG	DEFAULT_CIRC_DESK	2019-01-17	2019-01-17	1	0	0
709	0	Frederick S. Pardee Management Library	Stacks	HG	RES_DESK	2019-01-17	2019-01-17	1	0	0
710	0	Frederick S. Pardee Management Library	Stacks	HB	DEFAULT_CIRC_DESK	2019-01-18	2019-01-18	1	0	1
711	0	Frederick S. Pardee Management Library	Stacks	HD	DEFAULT_CIRC_DESK	2019-01-18	2019-01-18	9	0	1
712	0	Frederick S. Pardee Management Library	Stacks	HD	RES_DESK	2019-01-18	2019-01-18	1	0	0
713	0	Frederick S. Pardee Management Library	Stacks	HG	DEFAULT_CIRC_DESK	2019-01-18	2019-01-18	2	0	2
714	0	Frederick S. Pardee Management Library	Stacks	RA	DEFAULT_CIRC_DESK	2019-01-21	2019-01-21	1	0	0
715	0	Frederick S. Pardee Management Library	Stacks	HC	DEFAULT_CIRC_DESK	2019-01-22	2019-01-22	1	0	1
716	0	Frederick S. Pardee Management Library	Stacks	HC	RES_DESK	2019-01-22	2019-01-22	1	0	0
717	0	Frederick S. Pardee Management Library	Stacks	HD	DEFAULT_CIRC_DESK	2019-01-22	2019-01-22	3	0	1
718	0	Frederick S. Pardee Management Library	Stacks	HF	DEFAULT_CIRC_DESK	2019-01-22	2019-01-22	1	0	1
719	0	Frederick S. Pardee Management Library	Stacks	HF	RES_DESK	2019-01-22	2019-01-22	1	0	0
720	0	Frederick S. Pardee Management Library	Stacks	HG	DEFAULT_CIRC_DESK	2019-01-22	2019-01-22	1	0	0
721	0	Frederick S. Pardee Management Library	Stacks	HB	DEFAULT_CIRC_DESK	2019-01-23	2019-01-23	1	0	1
722	0	Frederick S. Pardee Management Library	Stacks	HD	DEFAULT_CIRC_DESK	2019-01-23	2019-01-23	6	0	1
723	0	Frederick S. Pardee Management Library	Stacks	HF	DEFAULT_CIRC_DESK	2019-01-23	2019-01-23	2	0	0
724	0	Frederick S. Pardee Management Library	Stacks	HG	DEFAULT_CIRC_DESK	2019-01-23	2019-01-23	2	0	2
725	0	Frederick S. Pardee Management Library	Pardee New Book Shelf	HC	DEFAULT_CIRC_DESK	2019-01-24	2019-01-24	1	0	0
726	0	Frederick S. Pardee Management Library	Stacks	HC	DEFAULT_CIRC_DESK	2019-01-24	2019-01-24	1	0	0
727	0	Frederick S. Pardee Management Library	Stacks	HD	DEFAULT_CIRC_DESK	2019-01-24	2019-01-24	1	0	0
728	0	Frederick S. Pardee Management Library	Pardee New Book Shelf	HD	DEFAULT_CIRC_DESK	2019-01-24	2019-01-24	1	0	0
729	0	Frederick S. Pardee Management Library	Stacks	HD	RES_DESK	2019-01-24	2019-01-24	1	0	0
730	0	London	Main Library	DA	DEFAULT_CIRC_DESK	2019-01-11	2019-01-11	1	0	1
731	0	London	Travel	Unknown	DEFAULT_CIRC_DESK	2019-01-14	2019-01-14	1	0	0
732	0	London	Main Library	Unknown	DEFAULT_CIRC_DESK	2019-01-14	2019-01-14	3	0	1
733	0	London	Vault	Unknown	DEFAULT_CIRC_DESK	2019-01-14	2019-01-14	162	0	3
734	0	London	Fiction	Unknown	DEFAULT_CIRC_DESK	2019-01-14	2019-01-14	1	0	0
735	0	London	Vault	Unknown	DEFAULT_CIRC_DESK	2019-01-15	2019-01-15	167	0	13
736	0	London	Main Library	Unknown	DEFAULT_CIRC_DESK	2019-01-15	2019-01-15	7	0	2
737	0	London	Vault	Unknown	DEFAULT_CIRC_DESK	2019-01-16	2019-01-16	24	0	6
738	0	London	Main Library	Unknown	DEFAULT_CIRC_DESK	2019-01-16	2019-01-16	2	0	1
739	0	London	Vault	Unknown	DEFAULT_CIRC_DESK	2019-01-17	2019-01-17	14	0	0
740	0	London	Fiction	Unknown	DEFAULT_CIRC_DESK	2019-01-17	2019-01-17	1	0	0
741	0	London	Main Library	Unknown	DEFAULT_CIRC_DESK	2019-01-17	2019-01-17	1	1	0
742	0	London	Reference	Unknown	DEFAULT_CIRC_DESK	2019-01-17	2019-01-17	1	0	0
743	0	London	Main Library	Unknown	DEFAULT_CIRC_DESK	2019-01-21	2019-01-21	1	0	0
744	0	London	Vault	Unknown	DEFAULT_CIRC_DESK	2019-01-21	2019-01-21	34	0	0
745	0	London	Main Library	JN	DEFAULT_CIRC_DESK	2019-01-22	2019-01-22	1	0	0
746	0	London	DVD Films	Unknown	DEFAULT_CIRC_DESK	2019-01-22	2019-01-22	1	0	0
747	0	London	Main Library	Unknown	DEFAULT_CIRC_DESK	2019-01-22	2019-01-22	18	0	0
748	0	London	Vault	Unknown	DEFAULT_CIRC_DESK	2019-01-23	2019-01-23	3	0	0
749	0	London	Main Library	Unknown	DEFAULT_CIRC_DESK	2019-01-23	2019-01-23	2	0	1
750	0	Michael D. Papagiannis Astronomy Library	Stacks	QC	DEFAULT_CIRC_DESK	2019-01-14	2019-01-14	1	0	0
751	0	Michael D. Papagiannis Astronomy Library	Stacks	QB	DEFAULT_CIRC_DESK	2019-01-23	2019-01-23	1	0	0
752	0	Michael D. Papagiannis Astronomy Library	Stacks	TL	DEFAULT_CIRC_DESK	2019-01-23	2019-01-23	1	0	1
753	0	Music Library	Stacks	MT	DEFAULT_CIRC_DESK	2019-01-11	2019-01-11	4	0	0
754	0	Music Library	Scores	M	DEFAULT_CIRC_DESK	2019-01-12	2019-01-12	3	0	0
755	0	Music Library	Stacks	ML	SC	2019-01-13	2019-01-13	5	0	0
756	0	Music Library	Phonodisc	M	DEFAULT_CIRC_DESK	2019-01-14	2019-01-14	1	0	1
757	0	Music Library	Scores	M	DEFAULT_CIRC_DESK	2019-01-14	2019-01-14	1	0	0
758	0	Music Library	Stacks	ML	DEFAULT_CIRC_DESK	2019-01-14	2019-01-14	3	0	3
759	0	Music Library	Stacks	ML	RES_DESK	2019-01-14	2019-01-14	1	0	0
760	0	Music Library	Scores	M	DEFAULT_CIRC_DESK	2019-01-15	2019-01-15	2	0	0
761	0	Music Library	Stacks	ML	DEFAULT_CIRC_DESK	2019-01-15	2019-01-15	4	0	2
762	0	Music Library	Stacks	MT	DEFAULT_CIRC_DESK	2019-01-15	2019-01-15	1	0	1
763	0	Music Library	Stacks	MT	SC	2019-01-15	2019-01-15	1	0	0
764	0	Music Library	CD collection	M	DEFAULT_CIRC_DESK	2019-01-16	2019-01-16	1	1	0
765	0	Music Library	Scores	M	DEFAULT_CIRC_DESK	2019-01-16	2019-01-16	3	0	0
766	0	Music Library	Stacks	ML	DEFAULT_CIRC_DESK	2019-01-16	2019-01-16	2	1	0
767	0	Music Library	CD collection	ML	RES_DESK	2019-01-16	2019-01-16	1	0	0
768	0	Music Library	Stacks	ML	RES_DESK	2019-01-16	2019-01-16	1	0	0
769	0	Music Library	Stacks	ML	SC	2019-01-16	2019-01-16	1	0	0
770	0	Music Library	Stacks	MT	RES_DESK	2019-01-16	2019-01-16	1	0	0
771	0	Music Library	CD collection	PR	RES_DESK	2019-01-16	2019-01-16	1	0	0
772	0	Music Library	Scores	M	DEFAULT_CIRC_DESK	2019-01-17	2019-01-17	2	0	0
773	0	Music Library	Stacks	ML	DEFAULT_CIRC_DESK	2019-01-17	2019-01-17	3	0	0
774	0	Music Library	Stacks	MT	RES_DESK	2019-01-17	2019-01-17	1	0	0
775	0	Music Library	CD collection	M	DEFAULT_CIRC_DESK	2019-01-18	2019-01-18	1	0	1
776	0	Music Library	CD collection	ML	DEFAULT_CIRC_DESK	2019-01-18	2019-01-18	3	0	3
777	0	Music Library	Scores	M	DEFAULT_CIRC_DESK	2019-01-19	2019-01-19	1	0	1
778	0	Music Library	Stacks	ML	DEFAULT_CIRC_DESK	2019-01-19	2019-01-19	1	0	0
779	0	Music Library	Scores	M	SC	2019-01-21	2019-01-21	4	0	0
780	0	Music Library	Miniature Scores	M	SC	2019-01-21	2019-01-21	1	0	0
781	0	Music Library	Stacks	ML	SC	2019-01-21	2019-01-21	3	0	0
782	0	Music Library	Stacks	MT	SC	2019-01-21	2019-01-21	2	0	0
783	0	Music Library	Scores	M	DEFAULT_CIRC_DESK	2019-01-22	2019-01-22	4	0	2
784	0	Music Library	Scores	M	RES_DESK	2019-01-22	2019-01-22	1	0	0
785	0	Music Library	Stacks	ML	DEFAULT_CIRC_DESK	2019-01-22	2019-01-22	3	0	0
786	0	Music Library	Stacks	ML	RES_DESK	2019-01-22	2019-01-22	1	0	0
787	0	Music Library	Scores	M	DEFAULT_CIRC_DESK	2019-01-23	2019-01-23	3	0	2
788	0	Music Library	Stacks	ML	DEFAULT_CIRC_DESK	2019-01-23	2019-01-23	2	0	0
789	0	Music Library	Stacks	MT	DEFAULT_CIRC_DESK	2019-01-23	2019-01-23	1	0	0
790	0	Music Library	Headphones	Unknown	DEFAULT_CIRC_DESK	2019-01-23	2019-01-23	1	0	1
791	0	Music Library	Storage	ML	DEFAULT_CIRC_DESK	2019-01-24	2019-01-24	1	0	0
792	0	Music Library	Stacks	ML	RES_DESK	2019-01-24	2019-01-24	1	0	0
793	0	Music Library	Headphones	Unknown	DEFAULT_CIRC_DESK	2019-01-24	2019-01-24	1	0	1
794	0	Pickering Educational Resources Library	Stacks	PE	DEFAULT_CIRC_DESK	2019-01-11	2019-01-11	1	0	0
795	0	Pickering Educational Resources Library	Juvenile Collection	QE	DEFAULT_CIRC_DESK	2019-01-11	2019-01-11	1	0	0
796	0	Pickering Educational Resources Library	PERL Education New Book Shelf	TD	DEFAULT_CIRC_DESK	2019-01-11	2019-01-11	1	0	0
797	0	Pickering Educational Resources Library	Young Adult	PZ	DEFAULT_CIRC_DESK	2019-01-14	2019-01-14	1	1	0
798	0	Pickering Educational Resources Library	Stacks	LC	DEFAULT_CIRC_DESK	2019-01-16	2019-01-16	1	0	0
799	0	Pickering Educational Resources Library	Stacks	BF	DEFAULT_CIRC_DESK	2019-01-22	2019-01-22	1	0	0
800	0	Pickering Educational Resources Library	Stacks	LB	DEFAULT_CIRC_DESK	2019-01-22	2019-01-22	3	0	0
801	0	Pickering Educational Resources Library	Stacks	LC	DEFAULT_CIRC_DESK	2019-01-22	2019-01-22	1	0	0
802	0	Pickering Educational Resources Library	Stacks	PE	DEFAULT_CIRC_DESK	2019-01-22	2019-01-22	1	0	0
803	0	Pickering Educational Resources Library	Stacks	PN	DEFAULT_CIRC_DESK	2019-01-22	2019-01-22	1	0	0
804	0	Pickering Educational Resources Library	Young Adult	PZ	DEFAULT_CIRC_DESK	2019-01-22	2019-01-22	1	0	0
805	0	Pickering Educational Resources Library	Juvenile Collection	PZ	DEFAULT_CIRC_DESK	2019-01-22	2019-01-22	2	0	1
806	0	Pickering Educational Resources Library	Juvenile Collection	QL	DEFAULT_CIRC_DESK	2019-01-22	2019-01-22	2	0	0
807	0	Pickering Educational Resources Library	Juvenile Collection	SF	DEFAULT_CIRC_DESK	2019-01-22	2019-01-22	1	0	0
808	0	Pickering Educational Resources Library	Stacks	LB	DEFAULT_CIRC_DESK	2019-01-23	2019-01-23	1	0	0
809	0	Pickering Educational Resources Library	Young Adult	PS	DEFAULT_CIRC_DESK	2019-01-23	2019-01-23	1	0	0
810	0	Pickering Educational Resources Library	Stacks	QA	DEFAULT_CIRC_DESK	2019-01-23	2019-01-23	1	0	0
811	0	Pickering Educational Resources Library	Juvenile Collection	BF	DEFAULT_CIRC_DESK	2019-01-24	2019-01-24	1	0	0
812	0	Pickering Educational Resources Library	Juvenile Collection	BL	DEFAULT_CIRC_DESK	2019-01-24	2019-01-24	1	0	0
813	0	Pickering Educational Resources Library	Stacks	LB	DEFAULT_CIRC_DESK	2019-01-24	2019-01-24	1	0	0
814	0	Science & Engineering Library	Stacks	HA	SCI-ENG	2019-01-11	2019-01-11	1	0	0
815	0	Science & Engineering Library	Stacks	QA	DEFAULT_CIRC_DESK	2019-01-11	2019-01-11	1	0	0
816	0	Science & Engineering Library	Stacks	QA	SCI-ENG	2019-01-11	2019-01-11	3	0	0
817	0	Science & Engineering Library	Stacks	QC	DEFAULT_CIRC_DESK	2019-01-11	2019-01-11	1	0	0
818	0	Science & Engineering Library	Stacks	QC	SCI-ENG	2019-01-11	2019-01-11	4	1	0
819	0	Science & Engineering Library	Stacks	QD	SCI-ENG	2019-01-11	2019-01-11	1	0	0
820	0	Science & Engineering Library	Stacks	QD	SCI-ENG	2019-01-13	2019-01-13	3	0	0
821	0	Science & Engineering Library	Stacks	QA	SCI-ENG	2019-01-14	2019-01-14	3	0	0
822	0	Science & Engineering Library	srr-Semester Reserve	QA	SCI-ENG	2019-01-14	2019-01-14	1	0	1
823	0	Science & Engineering Library	Stacks	TK	DEFAULT_CIRC_DESK	2019-01-14	2019-01-14	1	0	0
824	0	Science & Engineering Library	Stacks	TK	SCI-ENG	2019-01-14	2019-01-14	1	0	0
825	0	Science & Engineering Library	Stacks	TP	SCI-ENG	2019-01-14	2019-01-14	1	0	0
826	0	Science & Engineering Library	srr-Semester Reserve	QA	SCI-ENG	2019-01-15	2019-01-15	1	0	1
827	0	Science & Engineering Library	Stacks	QC	SCI-ENG	2019-01-15	2019-01-15	1	0	1
828	0	Science & Engineering Library	Stacks	QD	SCI-ENG	2019-01-15	2019-01-15	1	0	0
829	0	Science & Engineering Library	Stacks	QP	SCI-ENG	2019-01-15	2019-01-15	1	0	0
830	0	Science & Engineering Library	Stacks	TK	SCI-ENG	2019-01-15	2019-01-15	1	0	0
831	0	Science & Engineering Library	Stacks	QA	SCI-ENG	2019-01-16	2019-01-16	2	0	0
832	0	Science & Engineering Library	Stacks	QC	SCI-ENG	2019-01-16	2019-01-16	1	0	0
833	0	Science & Engineering Library	Stacks	QD	SCI-ENG	2019-01-16	2019-01-16	1	0	1
834	0	Science & Engineering Library	Stacks	QA	SCI-ENG	2019-01-17	2019-01-17	4	0	1
835	0	Science & Engineering Library	Stacks	QC	SCI-ENG	2019-01-17	2019-01-17	2	0	0
836	0	Science & Engineering Library	Stacks	R	SCI-ENG	2019-01-17	2019-01-17	1	0	0
837	0	Science & Engineering Library	Stacks	TJ	SCI-ENG	2019-01-17	2019-01-17	1	0	1
838	0	Science & Engineering Library	Stacks	TK	SCI-ENG	2019-01-17	2019-01-17	1	0	0
839	0	Science & Engineering Library	srr1-Yearly Reserve	Unknown	SCI-ENG	2019-01-17	2019-01-17	1	0	1
840	0	Science & Engineering Library	Stacks	BF	SCI-ENG	2019-01-18	2019-01-18	1	0	1
841	0	Science & Engineering Library	Stacks	QA	SCI-ENG	2019-01-18	2019-01-18	3	0	1
842	0	Science & Engineering Library	Stacks	QC	SCI-ENG	2019-01-18	2019-01-18	5	0	0
843	0	Science & Engineering Library	Stacks	QD	RES_DESK	2019-01-18	2019-01-18	1	0	0
844	0	Science & Engineering Library	Stacks	QD	SCI-ENG	2019-01-18	2019-01-18	2	0	0
845	0	Science & Engineering Library	Recreational Science Non-Fiction	QL	SCI-ENG	2019-01-18	2019-01-18	2	0	2
846	0	Science & Engineering Library	Stacks	QL	SCI-ENG	2019-01-18	2019-01-18	1	0	1
847	0	Science & Engineering Library	Stacks	SF	SCI-ENG	2019-01-18	2019-01-18	1	0	1
848	0	Science & Engineering Library	Stacks	TA	SCI-ENG	2019-01-18	2019-01-18	1	0	0
849	0	Science & Engineering Library	srr1-Yearly Reserve	TJ	SCI-ENG	2019-01-18	2019-01-18	1	0	1
850	0	Science & Engineering Library	SEL Special Display	HG	SCI-ENG	2019-01-19	2019-01-19	1	0	0
851	0	Science & Engineering Library	SEL Special Display	SF	SCI-ENG	2019-01-19	2019-01-19	1	0	0
852	0	Science & Engineering Library	Stacks	T	SCI-ENG	2019-01-19	2019-01-19	2	0	0
853	0	Science & Engineering Library	Stacks	TJ	SCI-ENG	2019-01-19	2019-01-19	1	0	0
854	0	Science & Engineering Library	Stacks	QA	SCI-ENG	2019-01-21	2019-01-21	13	0	0
855	0	Science & Engineering Library	Stacks	QH	SCI-ENG	2019-01-21	2019-01-21	1	0	0
856	0	Science & Engineering Library	Stacks	QP	SCI-ENG	2019-01-21	2019-01-21	1	0	0
857	0	Science & Engineering Library	Stacks	TK	SCI-ENG	2019-01-21	2019-01-21	1	0	0
858	0	Science & Engineering Library	Stacks	TS	SCI-ENG	2019-01-21	2019-01-21	1	0	0
859	0	Science & Engineering Library	Stacks	QA	SCI-ENG	2019-01-22	2019-01-22	6	0	1
860	0	Science & Engineering Library	Stacks	QC	SCI-ENG	2019-01-22	2019-01-22	2	0	0
861	0	Science & Engineering Library	Stacks	QH	SCI-ENG	2019-01-22	2019-01-22	2	0	1
862	0	Science & Engineering Library	Stacks	QP	SCI-ENG	2019-01-22	2019-01-22	2	0	0
863	0	Science & Engineering Library	srr1-Yearly Reserve	RC	SCI-ENG	2019-01-22	2019-01-22	2	0	2
864	0	Science & Engineering Library	Stacks	S	SCI-ENG	2019-01-22	2019-01-22	1	0	0
865	0	Science & Engineering Library	Stacks	T	SCI-ENG	2019-01-22	2019-01-22	1	0	1
866	0	Science & Engineering Library	Stacks	TA	SCI-ENG	2019-01-22	2019-01-22	1	0	0
867	0	Science & Engineering Library	Stacks	TK	DEFAULT_CIRC_DESK	2019-01-22	2019-01-22	1	0	0
868	0	Science & Engineering Library	Stacks	TK	SCI-ENG	2019-01-22	2019-01-22	1	0	1
869	0	Science & Engineering Library	srr1-Yearly Reserve	Unknown	SCI-ENG	2019-01-22	2019-01-22	6	0	6
870	0	Science & Engineering Library	srr-Semester Reserve	Unknown	SCI-ENG	2019-01-22	2019-01-22	1	0	1
871	0	Science & Engineering Library	Stacks	GE	SCI-ENG	2019-01-23	2019-01-23	1	0	0
872	0	Science & Engineering Library	Recreational Science Fiction	PZ	SCI-ENG	2019-01-23	2019-01-23	1	0	0
873	0	Science & Engineering Library	srr1-Yearly Reserve	Q	SCI-ENG	2019-01-23	2019-01-23	1	0	1
874	0	Science & Engineering Library	Reference	Q	SCI-ENG	2019-01-23	2019-01-23	1	0	1
875	0	Science & Engineering Library	srr1-Yearly Reserve	QA	SCI-ENG	2019-01-23	2019-01-23	4	0	4
876	0	Science & Engineering Library	srr-Semester Reserve	QA	SCI-ENG	2019-01-23	2019-01-23	1	0	1
877	0	Science & Engineering Library	Stacks	QA	SCI-ENG	2019-01-23	2019-01-23	8	0	4
878	0	Science & Engineering Library	Stacks	QC	SCI-ENG	2019-01-23	2019-01-23	1	0	0
879	0	Science & Engineering Library	Stacks	QD	SCI-ENG	2019-01-23	2019-01-23	2	0	0
880	0	Science & Engineering Library	Stacks	QH	RES_DESK	2019-01-23	2019-01-23	1	0	0
881	0	Science & Engineering Library	Stacks	QH	SCI-ENG	2019-01-23	2019-01-23	1	0	0
882	0	Science & Engineering Library	srr1-Yearly Reserve	QH	SCI-ENG	2019-01-23	2019-01-23	1	0	1
883	0	Science & Engineering Library	srr-Semester Reserve	QP	SCI-ENG	2019-01-23	2019-01-23	1	0	1
884	0	Science & Engineering Library	Stacks	RC	SCI-ENG	2019-01-23	2019-01-23	1	0	0
885	0	Science & Engineering Library	srr1-Yearly Reserve	RC	SCI-ENG	2019-01-23	2019-01-23	2	0	2
886	0	Science & Engineering Library	Stacks	T	SCI-ENG	2019-01-23	2019-01-23	1	0	0
887	0	Science & Engineering Library	srr-Semester Reserve	T	SCI-ENG	2019-01-23	2019-01-23	1	0	1
888	0	Science & Engineering Library	srr1-Yearly Reserve	TA	SCI-ENG	2019-01-23	2019-01-23	1	0	1
889	0	Science & Engineering Library	srr-Semester Reserve	TA	SCI-ENG	2019-01-23	2019-01-23	1	0	1
890	0	Science & Engineering Library	Stacks	TA	SCI-ENG	2019-01-23	2019-01-23	2	0	0
891	0	Science & Engineering Library	Stacks	TJ	SCI-ENG	2019-01-23	2019-01-23	1	0	0
892	0	Science & Engineering Library	srr1-Yearly Reserve	Unknown	SCI-ENG	2019-01-23	2019-01-23	6	0	6
893	0	Science & Engineering Library	srr-Semester Reserve	Unknown	SCI-ENG	2019-01-23	2019-01-23	4	0	4
894	0	Science & Engineering Library	srr1-Yearly Reserve	GB	SCI-ENG	2019-01-24	2019-01-24	2	0	2
895	0	Science & Engineering Library	Stacks	QA	SCI-ENG	2019-01-24	2019-01-24	2	0	1
896	0	Science & Engineering Library	srr-Semester Reserve	QA	SCI-ENG	2019-01-24	2019-01-24	2	0	2
897	0	Science & Engineering Library	srr1-Yearly Reserve	QA	SCI-ENG	2019-01-24	2019-01-24	1	0	1
898	0	Science & Engineering Library	Stacks	QC	SCI-ENG	2019-01-24	2019-01-24	1	0	0
899	0	Science & Engineering Library	Stacks	QD	SCI-ENG	2019-01-24	2019-01-24	1	0	0
900	0	Science & Engineering Library	Stacks	QL	SCI-ENG	2019-01-24	2019-01-24	1	0	0
901	0	Science & Engineering Library	srr1-Yearly Reserve	RC	SCI-ENG	2019-01-24	2019-01-24	2	0	2
902	0	Science & Engineering Library	srr1-Yearly Reserve	TA	SCI-ENG	2019-01-24	2019-01-24	2	0	2
903	0	Science & Engineering Library	srr-Semester Reserve	TA	SCI-ENG	2019-01-24	2019-01-24	1	0	1
904	0	Science & Engineering Library	srr1-Yearly Reserve	TJ	SCI-ENG	2019-01-24	2019-01-24	1	0	1
905	0	Science & Engineering Library	Stacks	TK	SCI-ENG	2019-01-24	2019-01-24	2	0	0
906	0	Science & Engineering Library	srr1-Yearly Reserve	TK	SCI-ENG	2019-01-24	2019-01-24	1	0	1
907	0	Science & Engineering Library	srr1-Yearly Reserve	Unknown	SCI-ENG	2019-01-24	2019-01-24	6	0	6
908	0	Science & Engineering Library	srr-Semester Reserve	Unknown	SCI-ENG	2019-01-24	2019-01-24	1	0	1
909	0	Theology Library	Oversize	BL	DEFAULT_CIRC_DESK	2019-01-11	2019-01-11	1	0	0
910	0	Theology Library	aOpen Stacks	BR	DEFAULT_CIRC_DESK	2019-01-11	2019-01-11	3	0	1
911	0	Theology Library	aOpen Stacks	BS	DEFAULT_CIRC_DESK	2019-01-11	2019-01-11	6	0	0
912	0	Theology Library	aOpen Stacks	BT	DEFAULT_CIRC_DESK	2019-01-11	2019-01-11	1	0	0
913	0	Theology Library	aOpen Stacks	JV	DEFAULT_CIRC_DESK	2019-01-11	2019-01-11	1	0	1
914	0	Theology Library	aOpen Stacks	BS	DEFAULT_CIRC_DESK	2019-01-14	2019-01-14	13	0	2
915	0	Theology Library	aOpen Stacks	BT	DEFAULT_CIRC_DESK	2019-01-14	2019-01-14	3	0	1
916	0	Theology Library	aOpen Stacks	BV	DEFAULT_CIRC_DESK	2019-01-14	2019-01-14	4	0	0
917	0	Theology Library	DVD	BX	DEFAULT_CIRC_DESK	2019-01-14	2019-01-14	1	1	1
918	0	Theology Library	aOpen Stacks	BX	DEFAULT_CIRC_DESK	2019-01-14	2019-01-14	2	0	0
919	0	Theology Library	aOpen Stacks	BD	DEFAULT_CIRC_DESK	2019-01-15	2019-01-15	1	0	0
920	0	Theology Library	aOpen Stacks	BJ	DEFAULT_CIRC_DESK	2019-01-15	2019-01-15	1	0	0
921	0	Theology Library	aOpen Stacks	BL	DEFAULT_CIRC_DESK	2019-01-15	2019-01-15	5	3	1
922	0	Theology Library	aOpen Stacks	BR	DEFAULT_CIRC_DESK	2019-01-15	2019-01-15	3	0	0
923	0	Theology Library	aOpen Stacks	BS	DEFAULT_CIRC_DESK	2019-01-15	2019-01-15	9	2	3
924	0	Theology Library	aOpen Stacks	BT	DEFAULT_CIRC_DESK	2019-01-15	2019-01-15	3	1	1
925	0	Theology Library	aOpen Stacks	BV	DEFAULT_CIRC_DESK	2019-01-15	2019-01-15	6	0	2
926	0	Theology Library	aOpen Stacks	BX	DEFAULT_CIRC_DESK	2019-01-15	2019-01-15	1	0	0
927	0	Theology Library	aOpen Stacks	HD	DEFAULT_CIRC_DESK	2019-01-15	2019-01-15	1	0	0
928	0	Theology Library	aOpen Stacks	QH	DEFAULT_CIRC_DESK	2019-01-15	2019-01-15	1	1	0
929	0	Theology Library	aOpen Stacks	RC	DEFAULT_CIRC_DESK	2019-01-15	2019-01-15	1	0	1
930	0	Theology Library	aOpen Stacks	BJ	DEFAULT_CIRC_DESK	2019-01-16	2019-01-16	1	0	1
931	0	Theology Library	aOpen Stacks	BL	DEFAULT_CIRC_DESK	2019-01-16	2019-01-16	2	0	0
932	0	Theology Library	aOpen Stacks	BR	DEFAULT_CIRC_DESK	2019-01-16	2019-01-16	2	1	0
933	0	Theology Library	Shaw Center	BS	DEFAULT_CIRC_DESK	2019-01-16	2019-01-16	1	0	0
934	0	Theology Library	aOpen Stacks	BS	DEFAULT_CIRC_DESK	2019-01-16	2019-01-16	1	0	0
935	0	Theology Library	aOpen Stacks	BT	DEFAULT_CIRC_DESK	2019-01-16	2019-01-16	4	3	1
936	0	Theology Library	aOpen Stacks	BV	DEFAULT_CIRC_DESK	2019-01-16	2019-01-16	2	1	0
937	0	Theology Library	aOpen Stacks	BX	DEFAULT_CIRC_DESK	2019-01-16	2019-01-16	2	0	1
938	0	Theology Library	aOpen Stacks	HB	DEFAULT_CIRC_DESK	2019-01-16	2019-01-16	1	0	0
939	0	Theology Library	aOpen Stacks	PS	DEFAULT_CIRC_DESK	2019-01-16	2019-01-16	1	1	0
940	0	Theology Library	aOpen Stacks	BJ	DEFAULT_CIRC_DESK	2019-01-17	2019-01-17	1	0	0
941	0	Theology Library	aOpen Stacks	BR	DEFAULT_CIRC_DESK	2019-01-17	2019-01-17	9	6	0
942	0	Theology Library	aOpen Stacks	BS	DEFAULT_CIRC_DESK	2019-01-17	2019-01-17	2	0	0
943	0	Theology Library	aOpen Stacks	BT	DEFAULT_CIRC_DESK	2019-01-17	2019-01-17	5	0	1
944	0	Theology Library	aOpen Stacks	BV	DEFAULT_CIRC_DESK	2019-01-17	2019-01-17	2	0	0
945	0	Theology Library	aOpen Stacks	BX	DEFAULT_CIRC_DESK	2019-01-17	2019-01-17	2	0	0
946	0	Theology Library	DVD	DS	DEFAULT_CIRC_DESK	2019-01-17	2019-01-17	2	0	0
947	0	Theology Library	aOpen Stacks	GN	DEFAULT_CIRC_DESK	2019-01-17	2019-01-17	1	1	0
948	0	Theology Library	aOpen Stacks	JA	DEFAULT_CIRC_DESK	2019-01-17	2019-01-17	1	0	0
949	0	Theology Library	aOpen Stacks	BJ	DEFAULT_CIRC_DESK	2019-01-18	2019-01-18	2	0	0
950	0	Theology Library	aOpen Stacks	BL	DEFAULT_CIRC_DESK	2019-01-18	2019-01-18	1	0	0
951	0	Theology Library	aOpen Stacks	BS	DEFAULT_CIRC_DESK	2019-01-18	2019-01-18	2	0	1
952	0	Theology Library	aOpen Stacks	BT	DEFAULT_CIRC_DESK	2019-01-18	2019-01-18	1	0	1
953	0	Theology Library	aOpen Stacks	BV	DEFAULT_CIRC_DESK	2019-01-18	2019-01-18	2	0	1
954	0	Theology Library	Oversize	BX	DEFAULT_CIRC_DESK	2019-01-18	2019-01-18	1	0	0
955	0	Theology Library	aOpen Stacks	N	DEFAULT_CIRC_DESK	2019-01-18	2019-01-18	1	0	0
956	0	Theology Library	aOpen Stacks	PQ	DEFAULT_CIRC_DESK	2019-01-18	2019-01-18	1	0	0
957	0	Theology Library	aOpen Stacks	RC	DEFAULT_CIRC_DESK	2019-01-18	2019-01-18	2	0	0
958	0	Theology Library	aOpen Stacks	BF	DEFAULT_CIRC_DESK	2019-01-22	2019-01-22	2	0	0
959	0	Theology Library	aOpen Stacks	BJ	DEFAULT_CIRC_DESK	2019-01-22	2019-01-22	3	0	3
960	0	Theology Library	aOpen Stacks	BL	DEFAULT_CIRC_DESK	2019-01-22	2019-01-22	2	0	0
961	0	Theology Library	aOpen Stacks	BM	DEFAULT_CIRC_DESK	2019-01-22	2019-01-22	1	0	0
962	0	Theology Library	aOpen Stacks	BR	DEFAULT_CIRC_DESK	2019-01-22	2019-01-22	2	0	0
963	0	Theology Library	aOpen Stacks	BS	DEFAULT_CIRC_DESK	2019-01-22	2019-01-22	27	0	0
964	0	Theology Library	Storage	BS	DEFAULT_CIRC_DESK	2019-01-22	2019-01-22	3	0	3
965	0	Theology Library	DVD	BT	DEFAULT_CIRC_DESK	2019-01-22	2019-01-22	1	0	0
966	0	Theology Library	Shaw Center	BT	DEFAULT_CIRC_DESK	2019-01-22	2019-01-22	1	0	0
967	0	Theology Library	aOpen Stacks	BT	DEFAULT_CIRC_DESK	2019-01-22	2019-01-22	1	0	0
968	0	Theology Library	aOpen Stacks	BV	DEFAULT_CIRC_DESK	2019-01-22	2019-01-22	23	0	4
969	0	Theology Library	aOpen Stacks	BX	DEFAULT_CIRC_DESK	2019-01-22	2019-01-22	7	0	4
970	0	Theology Library	aOpen Stacks	CB	DEFAULT_CIRC_DESK	2019-01-22	2019-01-22	1	0	0
971	0	Theology Library	aOpen Stacks	HV	DEFAULT_CIRC_DESK	2019-01-22	2019-01-22	1	0	0
972	0	Theology Library	aOpen Stacks	QH	DEFAULT_CIRC_DESK	2019-01-22	2019-01-22	1	0	0
973	0	Theology Library	aOpen Stacks	RC	DEFAULT_CIRC_DESK	2019-01-22	2019-01-22	1	0	0
974	0	Theology Library	aOpen Stacks	RJ	DEFAULT_CIRC_DESK	2019-01-22	2019-01-22	1	0	0
975	0	Theology Library	aOpen Stacks	BF	DEFAULT_CIRC_DESK	2019-01-23	2019-01-23	1	0	0
976	0	Theology Library	aOpen Stacks	BJ	DEFAULT_CIRC_DESK	2019-01-23	2019-01-23	5	0	0
977	0	Theology Library	aOpen Stacks	BL	DEFAULT_CIRC_DESK	2019-01-23	2019-01-23	5	0	0
978	0	Theology Library	aOpen Stacks	BM	DEFAULT_CIRC_DESK	2019-01-23	2019-01-23	2	0	0
979	0	Theology Library	aOpen Stacks	BR	DEFAULT_CIRC_DESK	2019-01-23	2019-01-23	2	0	0
980	0	Theology Library	aOpen Stacks	BS	DEFAULT_CIRC_DESK	2019-01-23	2019-01-23	3	0	0
981	0	Theology Library	aOpen Stacks	BT	DEFAULT_CIRC_DESK	2019-01-23	2019-01-23	7	0	2
982	0	Theology Library	aOpen Stacks	BV	DEFAULT_CIRC_DESK	2019-01-23	2019-01-23	5	0	0
983	0	Theology Library	Shaw Center	BX	DEFAULT_CIRC_DESK	2019-01-23	2019-01-23	1	0	0
984	0	Theology Library	aOpen Stacks	BX	DEFAULT_CIRC_DESK	2019-01-23	2019-01-23	4	0	0
985	0	Theology Library	aOpen Stacks	GN	DEFAULT_CIRC_DESK	2019-01-23	2019-01-23	1	0	0
986	0	Theology Library	aOpen Stacks	JC	DEFAULT_CIRC_DESK	2019-01-23	2019-01-23	1	0	0
987	0	Theology Library	aOpen Stacks	ML	DEFAULT_CIRC_DESK	2019-01-23	2019-01-23	3	0	0
988	0	Theology Library	aOpen Stacks	QH	DEFAULT_CIRC_DESK	2019-01-23	2019-01-23	1	0	0
989	0	Theology Library	aOpen Stacks	RG	DEFAULT_CIRC_DESK	2019-01-23	2019-01-23	1	0	0
990	0	Theology Library	Oversize	B	DEFAULT_CIRC_DESK	2019-01-24	2019-01-24	2	0	2
991	0	Theology Library	aOpen Stacks	BF	DEFAULT_CIRC_DESK	2019-01-24	2019-01-24	1	0	0
992	0	Theology Library	aOpen Stacks	BL	DEFAULT_CIRC_DESK	2019-01-24	2019-01-24	3	0	0
993	0	Theology Library	aOpen Stacks	BQ	DEFAULT_CIRC_DESK	2019-01-24	2019-01-24	1	0	0
994	0	Theology Library	aOpen Stacks	BR	DEFAULT_CIRC_DESK	2019-01-24	2019-01-24	1	0	0
995	0	Theology Library	aOpen Stacks	BS	DEFAULT_CIRC_DESK	2019-01-24	2019-01-24	1	0	0
996	0	Theology Library	aOpen Stacks	BT	DEFAULT_CIRC_DESK	2019-01-24	2019-01-24	8	0	2
997	0	Theology Library	aOpen Stacks	BV	DEFAULT_CIRC_DESK	2019-01-24	2019-01-24	1	0	0
998	0	Theology Library	aOpen Stacks	BX	DEFAULT_CIRC_DESK	2019-01-24	2019-01-24	2	0	0
999	0	Theology Library	aOpen Stacks	HV	DEFAULT_CIRC_DESK	2019-01-24	2019-01-24	1	0	0
